Date,Price
03/01/2005,1603.51001
04/01/2005,1571.829956
05/01/2005,1563.76001
06/01/2005,1557.52002
07/01/2005,1564.810059
10/01/2005,1564.920044
11/01/2005,1553.400024
12/01/2005,1565.780029
13/01/2005,1545.180054
14/01/2005,1561.109985
18/01/2005,1573.48999
19/01/2005,1545.650024
20/01/2005,1514.560059
21/01/2005,1503.640015
24/01/2005,1480.660034
25/01/2005,1490.569946
26/01/2005,1509.01001
27/01/2005,1507.550049
28/01/2005,1499.459961
31/01/2005,1519.630005
01/02/2005,1523.660034
02/02/2005,1525.099976
03/02/2005,1508.23999
04/02/2005,1534.48999
07/02/2005,1529.050049
08/02/2005,1532.689941
09/02/2005,1506.810059
10/02/2005,1506.829956
11/02/2005,1530.51001
14/02/2005,1538.209961
15/02/2005,1547.300049
16/02/2005,1542.410034
17/02/2005,1519.290039
18/02/2005,1515.400024
22/02/2005,1494.069946
23/02/2005,1497.089966
24/02/2005,1517.709961
25/02/2005,1526.900024
28/02/2005,1511.02002
01/03/2005,1527.25
02/03/2005,1525.280029
03/03/2005,1511.890015
04/03/2005,1520.579956
07/03/2005,1545.199951
08/03/2005,1528.650024
09/03/2005,1521.97998
10/03/2005,1524.380005
11/03/2005,1505.640015
14/03/2005,1515.089966
15/03/2005,1502.060059
16/03/2005,1486.22998
17/03/2005,1487.630005
18/03/2005,1484.400024
21/03/2005,1484.449951
22/03/2005,1465.089966
23/03/2005,1471.77002
24/03/2005,1469.939941
28/03/2005,1472.709961
29/03/2005,1464.339966
30/03/2005,1491.73999
31/03/2005,1482.530029
01/04/2005,1469.349976
04/04/2005,1476.719971
05/04/2005,1483.75
06/04/2005,1480.670044
07/04/2005,1499.709961
08/04/2005,1485.599976
11/04/2005,1478.550049
12/04/2005,1489.160034
13/04/2005,1461.680054
14/04/2005,1441.130005
15/04/2005,1408.589966
18/04/2005,1409.97998
19/04/2005,1420.800049
20/04/2005,1406.849976
21/04/2005,1447.369995
22/04/2005,1421.209961
25/04/2005,1437.310059
26/04/2005,1420.430054
27/04/2005,1423.76001
28/04/2005,1409.290039
29/04/2005,1420.790039
02/05/2005,1423.709961
03/05/2005,1427.609985
04/05/2005,1452.199951
05/05/2005,1450.160034
06/05/2005,1456
09/05/2005,1463.380005
10/05/2005,1450.359985
11/05/2005,1459.550049
12/05/2005,1454.790039
13/05/2005,1470.630005
16/05/2005,1480.680054
17/05/2005,1490.140015
18/05/2005,1509.26001
19/05/2005,1521.430054
20/05/2005,1528.060059
23/05/2005,1535.219971
24/05/2005,1540.469971
25/05/2005,1532.709961
26/05/2005,1548.800049
27/05/2005,1549.800049
31/05/2005,1542.630005
01/06/2005,1559.5
02/06/2005,1568.959961
03/06/2005,1544.47998
06/06/2005,1545.27002
07/06/2005,1531.119995
08/06/2005,1527.680054
09/06/2005,1539.459961
10/06/2005,1521.02002
13/06/2005,1529.130005
14/06/2005,1524.420044
15/06/2005,1529.48999
16/06/2005,1537.420044
17/06/2005,1538.130005
20/06/2005,1537.310059
21/06/2005,1536.47998
22/06/2005,1534.359985
23/06/2005,1515.949951
24/06/2005,1500.180054
27/06/2005,1493.75
28/06/2005,1508.609985
29/06/2005,1504.109985
30/06/2005,1493.52002
01/07/2005,1490.530029
05/07/2005,1506.349976
06/07/2005,1498.050049
07/07/2005,1503.780029
08/07/2005,1533.27002
11/07/2005,1547.660034
12/07/2005,1555.589966
13/07/2005,1557.619995
14/07/2005,1573.439941
15/07/2005,1577.819946
18/07/2005,1570.089966
19/07/2005,1590.48999
20/07/2005,1602.75
21/07/2005,1601.890015
22/07/2005,1600.76001
25/07/2005,1593.569946
26/07/2005,1598.930054
27/07/2005,1611.949951
28/07/2005,1618.640015
29/07/2005,1605.140015
01/08/2005,1610.109985
02/08/2005,1627.01001
03/08/2005,1627.189941
04/08/2005,1608.73999
05/08/2005,1601.589966
08/08/2005,1589.969971
09/08/2005,1601.140015
10/08/2005,1585.709961
11/08/2005,1600.650024
12/08/2005,1591.75
15/08/2005,1600.709961
16/08/2005,1574.01001
17/08/2005,1582.290039
18/08/2005,1575.76001
19/08/2005,1573.719971
22/08/2005,1575.589966
23/08/2005,1571.300049
24/08/2005,1561.709961
25/08/2005,1565.880005
26/08/2005,1558.839966
29/08/2005,1571.52002
30/08/2005,1565.72998
31/08/2005,1581.709961
01/09/2005,1577.25
02/09/2005,1573.119995
06/09/2005,1597.27002
07/09/2005,1599.859985
08/09/2005,1597.680054
09/09/2005,1607.829956
12/09/2005,1612.199951
13/09/2005,1607.380005
14/09/2005,1589.630005
15/09/2005,1588.550049
16/09/2005,1599.439941
19/09/2005,1586.050049
20/09/2005,1578.199951
21/09/2005,1561.839966
22/09/2005,1567.359985
23/09/2005,1571.75
26/09/2005,1572.859985
27/09/2005,1568.839966
28/09/2005,1568.810059
29/09/2005,1589.930054
30/09/2005,1601.660034
03/10/2005,1605.589966
04/10/2005,1595.540039
05/10/2005,1571.52002
06/10/2005,1552.939941
07/10/2005,1555.920044
10/10/2005,1546.98999
11/10/2005,1539.310059
12/10/2005,1521.189941
13/10/2005,1533.800049
14/10/2005,1544.290039
17/10/2005,1549.880005
18/10/2005,1538.430054
19/10/2005,1569.609985
20/10/2005,1555.589966
21/10/2005,1565.119995
24/10/2005,1590.650024
25/10/2005,1585.819946
26/10/2005,1575.140015
27/10/2005,1543.380005
28/10/2005,1557.109985
31/10/2005,1579.180054
01/11/2005,1576.52002
02/11/2005,1597.290039
03/11/2005,1619.670044
04/11/2005,1628.030029
07/11/2005,1629.27002
08/11/2005,1628.400024
09/11/2005,1630.209961
10/11/2005,1650.930054
11/11/2005,1653.359985
14/11/2005,1651.900024
15/11/2005,1644.310059
16/11/2005,1651.449951
17/11/2005,1676.390015
18/11/2005,1679.849976
21/11/2005,1686.22998
22/11/2005,1694.140015
23/11/2005,1696.77002
25/11/2005,1701.050049
28/11/2005,1684.390015
29/11/2005,1676.839966
30/11/2005,1672.560059
01/12/2005,1704.280029
02/12/2005,1709.099976
05/12/2005,1694.77002
06/12/2005,1701.349976
07/12/2005,1697.040039
08/12/2005,1685.589966
09/12/2005,1692.619995
12/12/2005,1698.349976
13/12/2005,1705.77002
14/12/2005,1698.97998
15/12/2005,1701.699951
16/12/2005,1688.680054
19/12/2005,1664.359985
20/12/2005,1665.069946
21/12/2005,1670.609985
22/12/2005,1683.349976
23/12/2005,1682.920044
27/12/2005,1668.369995
28/12/2005,1667.099976
29/12/2005,1655.359985
30/12/2005,1645.199951
03/01/2006,1679.930054
04/01/2006,1695.829956
05/01/2006,1705.290039
06/01/2006,1734.98999
09/01/2006,1741.900024
10/01/2006,1744.02002
11/01/2006,1758.23999
12/01/2006,1747.349976
13/01/2006,1746.780029
17/01/2006,1736.390015
18/01/2006,1716.619995
19/01/2006,1729.920044
20/01/2006,1676.380005
23/01/2006,1676.300049
24/01/2006,1686.219971
25/01/2006,1677
26/01/2006,1690.48999
27/01/2006,1711.109985
30/01/2006,1713.449951
31/01/2006,1710.75
01/02/2006,1713.02002
02/02/2006,1685.77002
03/02/2006,1664.530029
06/02/2006,1657.540039
07/02/2006,1651.839966
08/02/2006,1670.469971
09/02/2006,1654.079956
10/02/2006,1663.75
13/02/2006,1645.829956
14/02/2006,1661.949951
15/02/2006,1673.150024
16/02/2006,1688.609985
17/02/2006,1675.209961
21/02/2006,1655.680054
22/02/2006,1677.52002
23/02/2006,1672.290039
24/02/2006,1676.5
27/02/2006,1695.660034
28/02/2006,1670.569946
01/03/2006,1694.579956
02/03/2006,1693.780029
03/03/2006,1684.319946
06/03/2006,1669.939941
07/03/2006,1661.02002
08/03/2006,1661.859985
09/03/2006,1645.089966
10/03/2006,1648.22998
13/03/2006,1653.790039
14/03/2006,1681.150024
15/03/2006,1694.459961
16/03/2006,1679.050049
17/03/2006,1685.660034
20/03/2006,1688.97998
21/03/2006,1672.469971
22/03/2006,1676.319946
23/03/2006,1670.72998
24/03/2006,1679.810059
27/03/2006,1680.630005
28/03/2006,1673.030029
29/03/2006,1703.839966
30/03/2006,1708.680054
31/03/2006,1703.660034
03/04/2006,1706.77002
04/04/2006,1716.550049
05/04/2006,1732.73999
06/04/2006,1739.199951
07/04/2006,1723.030029
10/04/2006,1718.859985
11/04/2006,1704.400024
12/04/2006,1704.75
13/04/2006,1712.069946
17/04/2006,1694.319946
18/04/2006,1726.640015
19/04/2006,1734.040039
20/04/2006,1728.900024
21/04/2006,1709.02002
24/04/2006,1706.439941
25/04/2006,1701.469971
26/04/2006,1702.199951
27/04/2006,1717.140015
28/04/2006,1700.709961
01/05/2006,1686.609985
02/05/2006,1689.930054
03/05/2006,1686.300049
04/05/2006,1701.030029
05/05/2006,1713.839966
08/05/2006,1715.22998
09/05/2006,1711.170044
10/05/2006,1694.819946
11/05/2006,1657.47998
12/05/2006,1635.810059
15/05/2006,1634.780029
16/05/2006,1623.689941
17/05/2006,1598.910034
18/05/2006,1587.109985
19/05/2006,1600.859985
22/05/2006,1584.569946
23/05/2006,1569.01001
24/05/2006,1580.180054
25/05/2006,1599.680054
26/05/2006,1606.369995
30/05/2006,1571.290039
31/05/2006,1579.579956
01/06/2006,1616.569946
02/06/2006,1612.900024
05/06/2006,1577.5
06/06/2006,1575.390015
07/06/2006,1565.219971
08/06/2006,1561.550049
09/06/2006,1550.969971
12/06/2006,1520.310059
13/06/2006,1516.849976
14/06/2006,1530.26001
15/06/2006,1573.079956
16/06/2006,1562.839966
19/06/2006,1548.939941
20/06/2006,1548.319946
21/06/2006,1573.560059
22/06/2006,1554.48999
23/06/2006,1551.050049
26/06/2006,1556.170044
27/06/2006,1527
28/06/2006,1538.25
29/06/2006,1585.560059
30/06/2006,1575.22998
03/07/2006,1586.25
05/07/2006,1553.949951
06/07/2006,1551.550049
07/07/2006,1533.709961
10/07/2006,1520.900024
11/07/2006,1533.060059
12/07/2006,1501.459961
13/07/2006,1478.160034
14/07/2006,1462.170044
17/07/2006,1468.5
18/07/2006,1472.339966
19/07/2006,1490.599976
20/07/2006,1466.890015
21/07/2006,1451.880005
24/07/2006,1482.339966
25/07/2006,1489.52002
26/07/2006,1487.880005
27/07/2006,1478.530029
28/07/2006,1510.300049
31/07/2006,1509.430054
01/08/2006,1484.939941
02/08/2006,1500.47998
03/08/2006,1510.599976
04/08/2006,1503.839966
07/08/2006,1494.130005
08/08/2006,1484.800049
09/08/2006,1485.640015
10/08/2006,1496.280029
11/08/2006,1486.73999
14/08/2006,1494.329956
15/08/2006,1534.430054
16/08/2006,1570.060059
17/08/2006,1573.589966
18/08/2006,1576.459961
21/08/2006,1561.119995
22/08/2006,1563.430054
23/08/2006,1550.410034
24/08/2006,1555.189941
25/08/2006,1557.699951
28/08/2006,1570.290039
29/08/2006,1573.650024
30/08/2006,1581.949951
31/08/2006,1579.72998
01/09/2006,1589.469971
05/09/2006,1603.689941
06/09/2006,1572.199951
07/09/2006,1564.839966
08/09/2006,1574.709961
11/09/2006,1583.780029
12/09/2006,1615.75
13/09/2006,1623.98999
14/09/2006,1625.97998
15/09/2006,1632.439941
18/09/2006,1632.170044
19/09/2006,1621.069946
20/09/2006,1645.349976
21/09/2006,1634.869995
22/09/2006,1622.369995
25/09/2006,1650.369995
26/09/2006,1659.199951
27/09/2006,1655.670044
28/09/2006,1661.589966
29/09/2006,1654.130005
02/10/2006,1632.810059
03/10/2006,1640.290039
04/10/2006,1681.140015
05/10/2006,1689.430054
06/10/2006,1684.880005
09/10/2006,1691.079956
10/10/2006,1693.290039
11/10/2006,1691.280029
12/10/2006,1718.540039
13/10/2006,1727.209961
16/10/2006,1727.609985
17/10/2006,1709.609985
18/10/2006,1700.75
19/10/2006,1706.369995
20/10/2006,1709.579956
23/10/2006,1725.930054
24/10/2006,1713.880005
25/10/2006,1726.76001
26/10/2006,1744.069946
27/10/2006,1717.609985
30/10/2006,1727.800049
31/10/2006,1732.540039
01/11/2006,1707.650024
02/11/2006,1710.170044
03/11/2006,1703.97998
06/11/2006,1732.26001
07/11/2006,1741.530029
08/11/2006,1749.75
09/11/2006,1740.140015
10/11/2006,1751.109985
13/11/2006,1768
14/11/2006,1787.22998
15/11/2006,1793.819946
16/11/2006,1801.969971
17/11/2006,1800.670044
20/11/2006,1803.810059
21/11/2006,1808.880005
22/11/2006,1819.76001
24/11/2006,1815.530029
27/11/2006,1775.170044
28/11/2006,1780.339966
29/11/2006,1792.77002
30/11/2006,1791.25
01/12/2006,1775.119995
04/12/2006,1799.930054
05/12/2006,1804.849976
06/12/2006,1799.130005
07/12/2006,1777.459961
08/12/2006,1786.209961
11/12/2006,1791.73999
12/12/2006,1781.969971
13/12/2006,1783.439941
14/12/2006,1803.410034
15/12/2006,1808.560059
18/12/2006,1790.98999
19/12/2006,1785.119995
20/12/2006,1777.920044
21/12/2006,1766.280029
22/12/2006,1748.609985
26/12/2006,1753.550049
27/12/2006,1763.410034
28/12/2006,1758.939941
29/12/2006,1756.900024
03/01/2007,1759.369995
04/01/2007,1792.910034
05/01/2007,1785.300049
08/01/2007,1787.140015
09/01/2007,1795.630005
10/01/2007,1816.150024
11/01/2007,1834.859985
12/01/2007,1844.810059
16/01/2007,1842.439941
17/01/2007,1827.680054
18/01/2007,1793.680054
19/01/2007,1796.810059
22/01/2007,1779.02002
23/01/2007,1773.400024
24/01/2007,1802.630005
25/01/2007,1777.75
26/01/2007,1772.969971
29/01/2007,1775.079956
30/01/2007,1777.76001
31/01/2007,1792.280029
01/02/2007,1791.449951
02/02/2007,1798.130005
05/02/2007,1795.390015
06/02/2007,1793.060059
07/02/2007,1810.949951
08/02/2007,1810.540039
09/02/2007,1785.530029
12/02/2007,1778.420044
13/02/2007,1783.819946
14/02/2007,1814.97998
15/02/2007,1823.410034
16/02/2007,1821.48999
20/02/2007,1833.709961
21/02/2007,1839.130005
22/02/2007,1846.339966
23/02/2007,1839.77002
26/02/2007,1830.589966
27/02/2007,1756.27002
28/02/2007,1761.599976
01/03/2007,1753.449951
02/03/2007,1726.030029
05/03/2007,1712.939941
06/03/2007,1743.099976
07/03/2007,1736.099976
08/03/2007,1746.430054
09/03/2007,1744.73999
12/03/2007,1756.420044
13/03/2007,1722.47998
14/03/2007,1743.150024
15/03/2007,1744.869995
16/03/2007,1742.22998
19/03/2007,1758.22998
20/03/2007,1767.25
21/03/2007,1806.349976
22/03/2007,1799.75
23/03/2007,1794.040039
26/03/2007,1802.949951
27/03/2007,1789.930054
28/03/2007,1770.540039
29/03/2007,1771.719971
30/03/2007,1772.359985
02/04/2007,1773.329956
03/04/2007,1796.310059
04/04/2007,1801.73999
05/04/2007,1812.939941
09/04/2007,1808.189941
10/04/2007,1816.930054
11/04/2007,1798.089966
12/04/2007,1813.48999
13/04/2007,1816.849976
16/04/2007,1833.959961
17/04/2007,1834.910034
18/04/2007,1832.390015
19/04/2007,1832.469971
20/04/2007,1845.890015
23/04/2007,1850.180054
24/04/2007,1858.869995
25/04/2007,1881.329956
26/04/2007,1889.569946
27/04/2007,1891.060059
30/04/2007,1867.75
01/05/2007,1873.430054
02/05/2007,1889.72998
03/05/2007,1895.640015
04/05/2007,1895.699951
07/05/2007,1895.959961
08/05/2007,1899.829956
09/05/2007,1905.650024
10/05/2007,1875.199951
11/05/2007,1898.790039
14/05/2007,1888.079956
15/05/2007,1871.790039
16/05/2007,1891.569946
17/05/2007,1884.680054
18/05/2007,1896.930054
21/05/2007,1911.160034
22/05/2007,1916.449951
23/05/2007,1904.410034
24/05/2007,1874.599976
25/05/2007,1889.25
29/05/2007,1899.790039
30/05/2007,1918.079956
31/05/2007,1928.189941
01/06/2007,1928.26001
04/06/2007,1933.72998
05/06/2007,1932.349976
06/06/2007,1914.849976
07/06/2007,1882.170044
08/06/2007,1906.26001
11/06/2007,1901.959961
12/06/2007,1890.670044
13/06/2007,1913.869995
14/06/2007,1924.540039
15/06/2007,1942.410034
18/06/2007,1944.369995
19/06/2007,1941.75
20/06/2007,1922.119995
21/06/2007,1941.319946
22/06/2007,1921.939941
25/06/2007,1912.900024
26/06/2007,1908.640015
27/06/2007,1933.060059
28/06/2007,1931.670044
29/06/2007,1934.099976
02/07/2007,1954.119995
03/07/2007,1965.199951
05/07/2007,1981.060059
06/07/2007,1988.310059
09/07/2007,1989.199951
10/07/2007,1971.890015
11/07/2007,1984.079956
12/07/2007,2021.030029
13/07/2007,2032.160034
16/07/2007,2028.02002
17/07/2007,2041.780029
18/07/2007,2037.97998
19/07/2007,2052.98999
20/07/2007,2035.880005
23/07/2007,2036.329956
24/07/2007,2000.550049
25/07/2007,2011.140015
26/07/2007,1986.599976
27/07/2007,1956.189941
30/07/2007,1973.930054
31/07/2007,1932.060059
01/08/2007,1945.079956
02/08/2007,1966.599976
03/08/2007,1918.560059
06/08/2007,1954.369995
07/08/2007,1961.640015
08/08/2007,1987.339966
09/08/2007,1936.76001
10/08/2007,1925.140015
13/08/2007,1934.410034
14/08/2007,1901.319946
15/08/2007,1864.920044
16/08/2007,1846.089966
17/08/2007,1888.780029
20/08/2007,1893.050049
21/08/2007,1910.98999
22/08/2007,1936.77002
23/08/2007,1931.880005
24/08/2007,1961.380005
27/08/2007,1947.48999
28/08/2007,1899.23999
29/08/2007,1954.849976
30/08/2007,1963.75
31/08/2007,1988.72998
04/09/2007,2020.51001
05/09/2007,1994.380005
06/09/2007,1998.670044
07/09/2007,1958.349976
10/09/2007,1960.199951
11/09/2007,1988.97998
12/09/2007,1988.959961
13/09/2007,1998.630005
14/09/2007,2000.819946
17/09/2007,1983.079956
18/09/2007,2035.369995
19/09/2007,2041.359985
20/09/2007,2032.609985
21/09/2007,2049.47998
24/09/2007,2057.25
25/09/2007,2076.830078
26/09/2007,2088.379883
27/09/2007,2096.389893
28/09/2007,2091.110107
01/10/2007,2116.969971
02/10/2007,2115.889893
03/10/2007,2103.01001
04/10/2007,2105.560059
05/10/2007,2149.669922
08/10/2007,2163.26001
09/10/2007,2171.209961
10/10/2007,2176.97998
11/10/2007,2140.919922
12/10/2007,2177.98999
15/10/2007,2158.919922
16/10/2007,2151.139893
17/10/2007,2179.139893
18/10/2007,2187.52002
19/10/2007,2131.080078
22/10/2007,2157.449951
23/10/2007,2205.179932
24/10/2007,2188.590088
25/10/2007,2161.52002
26/10/2007,2194.590088
29/10/2007,2203.419922
30/10/2007,2207.610107
31/10/2007,2238.97998
01/11/2007,2197.070068
02/11/2007,2213.860107
05/11/2007,2200.47998
06/11/2007,2223.969971
07/11/2007,2169.429932
08/11/2007,2106.159912
09/11/2007,2034.300049
12/11/2007,1982.160034
13/11/2007,2066.080078
14/11/2007,2038.050049
15/11/2007,2024.030029
16/11/2007,2048.620117
19/11/2007,2021.140015
20/11/2007,2029.939941
21/11/2007,2006.380005
23/11/2007,2028.900024
26/11/2007,1989.359985
27/11/2007,2033.76001
28/11/2007,2095.389893
29/11/2007,2102.419922
30/11/2007,2089.100098
03/12/2007,2067.449951
04/12/2007,2059.060059
05/12/2007,2099.310059
06/12/2007,2127.649902
07/12/2007,2130
10/12/2007,2134.879883
11/12/2007,2083.719971
12/12/2007,2101.360107
13/12/2007,2094.679932
14/12/2007,2072.110107
17/12/2007,2020.800049
18/12/2007,2029.48999
19/12/2007,2031
20/12/2007,2069.679932
21/12/2007,2111.77002
24/12/2007,2128.620117
26/12/2007,2136.939941
27/12/2007,2106.090088
28/12/2007,2107.050049
31/12/2007,2084.929932
02/01/2008,2049.709961
03/01/2008,2051.76001
04/01/2008,1963.52002
07/01/2008,1957.439941
08/01/2008,1910.329956
09/01/2008,1949.199951
10/01/2008,1953.640015
11/01/2008,1912.810059
14/01/2008,1949.150024
15/01/2008,1894.089966
16/01/2008,1872.290039
17/01/2008,1842.099976
18/01/2008,1844.089966
22/01/2008,1795.609985
23/01/2008,1789.530029
24/01/2008,1826.920044
25/01/2008,1789.170044
28/01/2008,1805.079956
29/01/2008,1807.670044
30/01/2008,1808.51001
31/01/2008,1841.420044
01/02/2008,1855.27002
04/02/2008,1828.800049
05/02/2008,1773.48999
06/02/2008,1740.949951
07/02/2008,1753.300049
08/02/2008,1773.73999
11/02/2008,1793.089966
12/02/2008,1780.540039
13/02/2008,1823
14/02/2008,1787.589966
15/02/2008,1780.380005
19/02/2008,1764.810059
20/02/2008,1787.449951
21/02/2008,1766.300049
22/02/2008,1773.439941
25/02/2008,1785.459961
26/02/2008,1791.310059
27/02/2008,1799.939941
28/02/2008,1794.459961
29/02/2008,1745.27002
03/03/2008,1733.27002
04/03/2008,1743.699951
05/03/2008,1753.569946
06/03/2008,1712.5
07/03/2008,1707.5
10/03/2008,1673.030029
11/03/2008,1740.949951
12/03/2008,1735.180054
13/03/2008,1750.400024
14/03/2008,1713.829956
17/03/2008,1687.189941
18/03/2008,1761.050049
19/03/2008,1715.589966
20/03/2008,1751.98999
24/03/2008,1814.400024
25/03/2008,1824.540039
26/03/2008,1817.280029
27/03/2008,1777.890015
28/03/2008,1767.569946
31/03/2008,1781.930054
01/04/2008,1855.47998
02/04/2008,1848.800049
03/04/2008,1855.189941
04/04/2008,1865.869995
07/04/2008,1860.829956
08/04/2008,1846.140015
09/04/2008,1826.189941
10/04/2008,1852.969971
11/04/2008,1798.719971
14/04/2008,1790.930054
15/04/2008,1794.72998
16/04/2008,1846.890015
17/04/2008,1840.880005
18/04/2008,1900.280029
21/04/2008,1913.119995
22/04/2008,1881.650024
23/04/2008,1906.660034
24/04/2008,1924.579956
25/04/2008,1918.579956
28/04/2008,1923.26001
29/04/2008,1933.599976
30/04/2008,1917.699951
01/05/2008,1980.439941
02/05/2008,1981.869995
05/05/2008,1975.819946
06/05/2008,1990.609985
07/05/2008,1951.420044
08/05/2008,1966.859985
09/05/2008,1960.290039
12/05/2008,1997.02002
13/05/2008,2000.609985
14/05/2008,1997.300049
15/05/2008,2031.339966
16/05/2008,2031.27002
19/05/2008,2016.599976
20/05/2008,2000.670044
21/05/2008,1956.800049
22/05/2008,1964.920044
23/05/2008,1958.959961
27/05/2008,1995.439941
28/05/2008,2000.069946
29/05/2008,2019.02002
30/05/2008,2032.569946
02/06/2008,2006.839966
03/06/2008,1996.790039
04/06/2008,2021.449951
05/06/2008,2055.110107
06/06/2008,1990.390015
09/06/2008,1979.709961
10/06/2008,1972.540039
11/06/2008,1924.329956
12/06/2008,1924.26001
13/06/2008,1966.01001
16/06/2008,1984.76001
17/06/2008,1972.819946
18/06/2008,1951.099976
19/06/2008,1982.689941
20/06/2008,1928.390015
23/06/2008,1913.310059
24/06/2008,1903.73999
25/06/2008,1933.859985
26/06/2008,1855.390015
27/06/2008,1855.719971
30/06/2008,1837.089966
01/07/2008,1862.709961
02/07/2008,1816.150024
03/07/2008,1816.349976
07/07/2008,1826.930054
08/07/2008,1871.280029
09/07/2008,1819.180054
10/07/2008,1839.569946
11/07/2008,1810.880005
14/07/2008,1798.030029
15/07/2008,1798.349976
16/07/2008,1843.869995
17/07/2008,1853.469971
18/07/2008,1823.22998
21/07/2008,1819.76001
22/07/2008,1821.619995
23/07/2008,1845.560059
24/07/2008,1816.97998
25/07/2008,1846.550049
28/07/2008,1802.98999
29/07/2008,1845.550049
30/07/2008,1852.800049
31/07/2008,1849.150024
01/08/2008,1826.560059
04/08/2008,1804.839966
05/08/2008,1869.76001
06/08/2008,1895.209961
07/08/2008,1880.089966
08/08/2008,1926.22998
11/08/2008,1941.22998
12/08/2008,1941.069946
13/08/2008,1942.02002
14/08/2008,1964.380005
15/08/2008,1957.560059
18/08/2008,1932.699951
19/08/2008,1908.680054
20/08/2008,1913.02002
21/08/2008,1906.73999
22/08/2008,1931.469971
25/08/2008,1889.719971
26/08/2008,1886.319946
27/08/2008,1900.300049
28/08/2008,1915.119995
29/08/2008,1872.540039
02/09/2008,1850.140015
03/09/2008,1833.089966
04/09/2008,1774.780029
05/09/2008,1768.22998
08/09/2008,1762.949951
09/09/2008,1721.550049
10/09/2008,1738.069946
11/09/2008,1773.650024
12/09/2008,1767.130005
15/09/2008,1705.459961
16/09/2008,1724.079956
17/09/2008,1632.449951
18/09/2008,1697.420044
19/09/2008,1745.060059
22/09/2008,1665.939941
23/09/2008,1648.400024
24/09/2008,1661.329956
25/09/2008,1687.550049
26/09/2008,1672.040039
29/09/2008,1496.150024
30/09/2008,1594.630005
01/10/2008,1563.800049
02/10/2008,1491.109985
03/10/2008,1470.839966
06/10/2008,1411.280029
07/10/2008,1329.97998
08/10/2008,1330.609985
09/10/2008,1275.099976
10/10/2008,1269.800049
13/10/2008,1429.540039
14/10/2008,1364.589966
15/10/2008,1244.22998
16/10/2008,1312.969971
17/10/2008,1311.719971
20/10/2008,1352.76001
21/10/2008,1283.430054
22/10/2008,1237.089966
23/10/2008,1239.160034
24/10/2008,1202.27002
27/10/2008,1169.780029
28/10/2008,1297.569946
29/10/2008,1302.119995
30/10/2008,1333.939941
31/10/2008,1334.780029
03/11/2008,1334.75
04/11/2008,1378.400024
05/11/2008,1299.97998
06/11/2008,1241.969971
07/11/2008,1271.619995
10/11/2008,1251
11/11/2008,1225.589966
12/11/2008,1165.380005
13/11/2008,1240.930054
14/11/2008,1179.630005
17/11/2008,1151.959961
18/11/2008,1155.75
19/11/2008,1087.599976
20/11/2008,1036.51001
21/11/2008,1085.569946
24/11/2008,1154.339966
25/11/2008,1142.579956
26/11/2008,1193.089966
28/11/2008,1185.75
01/12/2008,1091.160034
02/12/2008,1130
03/12/2008,1166.199951
04/12/2008,1127.75
05/12/2008,1177.869995
08/12/2008,1225.060059
09/12/2008,1212.449951
10/12/2008,1222.380005
11/12/2008,1180.459961
12/12/2008,1206.650024
15/12/2008,1181.869995
16/12/2008,1243.48999
17/12/2008,1225.859985
18/12/2008,1204.689941
19/12/2008,1217.189941
22/12/2008,1189.150024
23/12/2008,1183.189941
24/12/2008,1184.300049
26/12/2008,1185.439941
29/12/2008,1173.150024
30/12/2008,1201.339966
31/12/2008,1211.650024
02/01/2009,1263.699951
05/01/2009,1262.52002
06/01/2009,1274.48999
07/01/2009,1238.599976
08/01/2009,1252.52002
09/01/2009,1223.01001
12/01/2009,1201.130005
13/01/2009,1202.650024
14/01/2009,1163.420044
15/01/2009,1183.52002
16/01/2009,1198.140015
20/01/2009,1136.609985
21/01/2009,1185.76001
22/01/2009,1168.079956
23/01/2009,1175.890015
26/01/2009,1184.560059
27/01/2009,1194.410034
28/01/2009,1235.910034
29/01/2009,1203.849976
30/01/2009,1180.25
02/02/2009,1195.75
03/02/2009,1215.660034
04/02/2009,1215.430054
05/02/2009,1245.109985
06/02/2009,1277.48999
09/02/2009,1281.650024
10/02/2009,1229.290039
11/02/2009,1227.050049
12/02/2009,1242.810059
13/02/2009,1236.849976
17/02/2009,1187.040039
18/02/2009,1188.77002
19/02/2009,1167.890015
20/02/2009,1172.709961
23/02/2009,1128.969971
24/02/2009,1171.449951
25/02/2009,1160.829956
26/02/2009,1127.099976
27/02/2009,1116.98999
02/03/2009,1076.670044
03/03/2009,1080.670044
04/03/2009,1110.300049
05/03/2009,1074.52002
06/03/2009,1064.699951
09/03/2009,1043.869995
10/03/2009,1112.439941
11/03/2009,1125.949951
12/03/2009,1164.709961
13/03/2009,1168.52002
16/03/2009,1145.449951
17/03/2009,1192.170044
18/03/2009,1206.959961
19/03/2009,1204.209961
20/03/2009,1187.180054
23/03/2009,1259.810059
24/03/2009,1234.339966
25/03/2009,1236.660034
26/03/2009,1281.300049
27/03/2009,1251.469971
30/03/2009,1220.810059
31/03/2009,1237.01001
01/04/2009,1252.51001
02/04/2009,1294.300049
03/04/2009,1316.160034
06/04/2009,1313.099976
07/04/2009,1275.420044
08/04/2009,1300.75
09/04/2009,1340.280029
13/04/2009,1336.670044
14/04/2009,1322.310059
15/04/2009,1316.51001
16/04/2009,1352.97998
17/04/2009,1353.920044
20/04/2009,1309.369995
21/04/2009,1329.060059
22/04/2009,1335.719971
23/04/2009,1344.410034
24/04/2009,1373.280029
27/04/2009,1369.939941
28/04/2009,1361.920044
29/04/2009,1382.380005
30/04/2009,1394.329956
01/05/2009,1396.619995
04/05/2009,1427.959961
05/05/2009,1423.810059
06/05/2009,1423.849976
07/05/2009,1389.829956
08/05/2009,1394.160034
11/05/2009,1395.790039
12/05/2009,1377.400024
13/05/2009,1339.829956
14/05/2009,1359.670044
15/05/2009,1355.109985
18/05/2009,1392.72998
19/05/2009,1398.050049
20/05/2009,1393.719971
21/05/2009,1367.390015
22/05/2009,1363.170044
26/05/2009,1412.609985
27/05/2009,1401.880005
28/05/2009,1420.310059
29/05/2009,1435.569946
01/06/2009,1477.119995
02/06/2009,1480.310059
03/06/2009,1475.439941
04/06/2009,1492.73999
05/06/2009,1493.209961
08/06/2009,1488.48999
09/06/2009,1501.550049
10/06/2009,1495.27002
11/06/2009,1497.01001
12/06/2009,1489.969971
15/06/2009,1456.959961
16/06/2009,1443.25
17/06/2009,1455.890015
18/06/2009,1453.800049
19/06/2009,1471.22998
22/06/2009,1426.609985
23/06/2009,1424.459961
24/06/2009,1447.060059
25/06/2009,1475.819946
26/06/2009,1480.199951
29/06/2009,1483.829956
30/06/2009,1477.25
01/07/2009,1481.339966
02/07/2009,1446.280029
06/07/2009,1441.01001
07/07/2009,1404.780029
08/07/2009,1411.530029
09/07/2009,1414.97998
10/07/2009,1419.839966
13/07/2009,1447.699951
14/07/2009,1452.839966
15/07/2009,1500.97998
16/07/2009,1518.869995
17/07/2009,1527.26001
20/07/2009,1544
21/07/2009,1553.01001
22/07/2009,1565
23/07/2009,1601.52002
24/07/2009,1599.060059
27/07/2009,1599.310059
28/07/2009,1605.469971
29/07/2009,1599.609985
30/07/2009,1609.869995
31/07/2009,1603.359985
03/08/2009,1628.119995
04/08/2009,1628.48999
05/08/2009,1614.439941
06/08/2009,1600.290039
07/08/2009,1619.48999
10/08/2009,1610.430054
11/08/2009,1594.689941
12/08/2009,1619.589966
13/08/2009,1628.650024
14/08/2009,1611.579956
17/08/2009,1564.890015
18/08/2009,1586.5
19/08/2009,1596.609985
20/08/2009,1614.219971
21/08/2009,1637.780029
24/08/2009,1634.780029
25/08/2009,1639.900024
26/08/2009,1637
27/08/2009,1640.969971
28/08/2009,1643.23999
31/08/2009,1625.189941
01/09/2009,1595.839966
02/09/2009,1594.280029
03/09/2009,1605.97998
04/09/2009,1638.069946
08/09/2009,1654.810059
09/09/2009,1669.22998
10/09/2009,1686.160034
11/09/2009,1685.459961
14/09/2009,1693.76001
15/09/2009,1699.530029
16/09/2009,1723.72998
17/09/2009,1721.089966
18/09/2009,1725.23999
21/09/2009,1731.579956
22/09/2009,1734.089966
23/09/2009,1724.27002
24/09/2009,1709.76001
25/09/2009,1694.150024
28/09/2009,1724.589966
29/09/2009,1717.670044
30/09/2009,1718.98999
01/10/2009,1666.410034
02/10/2009,1662.48999
05/10/2009,1675.640015
06/10/2009,1705.25
07/10/2009,1710.449951
08/10/2009,1717.790039
09/10/2009,1727.76001
12/10/2009,1729.630005
13/10/2009,1730.27002
14/10/2009,1754.26001
15/10/2009,1753.359985
16/10/2009,1739.319946
19/10/2009,1756.680054
20/10/2009,1756.189941
21/10/2009,1753.560059
22/10/2009,1763.150024
23/10/2009,1753.630005
26/10/2009,1746.75
27/10/2009,1722.459961
28/10/2009,1682.060059
29/10/2009,1711.27002
30/10/2009,1667.130005
02/11/2009,1672.910034
03/11/2009,1679.199951
04/11/2009,1680.670044
05/11/2009,1721.089966
06/11/2009,1730.76001
09/11/2009,1768.400024
10/11/2009,1773.170044
11/11/2009,1782.949951
12/11/2009,1773.140015
13/11/2009,1788.609985
16/11/2009,1807.560059
17/11/2009,1812.209961
18/11/2009,1801.73999
19/11/2009,1773.189941
20/11/2009,1764.390015
23/11/2009,1792.939941
24/11/2009,1786.25
25/11/2009,1793.670044
27/11/2009,1765.459961
30/11/2009,1767.430054
01/12/2009,1787.709961
02/12/2009,1790.819946
03/12/2009,1782.910034
04/12/2009,1791.910034
07/12/2009,1783.650024
08/12/2009,1772.72998
09/12/2009,1789.699951
10/12/2009,1799.369995
11/12/2009,1792.060059
14/12/2009,1809.089966
15/12/2009,1798.209961
16/12/2009,1800.819946
17/12/2009,1778.27002
18/12/2009,1807.359985
21/12/2009,1828.790039
22/12/2009,1839.51001
23/12/2009,1851.98999
24/12/2009,1869.839966
28/12/2009,1878.180054
29/12/2009,1872.02002
30/12/2009,1878.650024
31/12/2009,1860.310059
04/01/2010,1886.699951
05/01/2010,1888.430054
06/01/2010,1878.420044
07/01/2010,1876.719971
08/01/2010,1892.589966
11/01/2010,1886.23999
12/01/2010,1861.790039
13/01/2010,1886.130005
14/01/2010,1886.52002
15/01/2010,1864.52002
19/01/2010,1895.47998
20/01/2010,1867.949951
21/01/2010,1850.569946
22/01/2010,1794.819946
25/01/2010,1802.390015
26/01/2010,1803.859985
27/01/2010,1818.900024
28/01/2010,1771.099976
29/01/2010,1741.040039
01/02/2010,1760.719971
02/02/2010,1776.920044
03/02/2010,1784.699951
04/02/2010,1732.98999
05/02/2010,1746.119995
08/02/2010,1734.880005
09/02/2010,1753.839966
10/02/2010,1749.76001
11/02/2010,1775.73999
12/02/2010,1779.109985
16/02/2010,1802.060059
17/02/2010,1810.859985
18/02/2010,1823.390015
19/02/2010,1823.319946
22/02/2010,1817.630005
23/02/2010,1793.819946
24/02/2010,1812.51001
25/02/2010,1812.910034
26/02/2010,1818.680054
01/03/2010,1846.400024
02/03/2010,1851.209961
03/03/2010,1851.569946
04/03/2010,1859.719971
05/03/2010,1888.560059
08/03/2010,1890.890015
09/03/2010,1901.380005
10/03/2010,1917.349976
11/03/2010,1923.810059
12/03/2010,1924.430054
15/03/2010,1920.089966
16/03/2010,1932.23999
17/03/2010,1936.219971
18/03/2010,1943.939941
19/03/2010,1932.430054
22/03/2010,1949.589966
23/03/2010,1963.199951
24/03/2010,1951.839966
25/03/2010,1949.150024
26/03/2010,1952.630005
29/03/2010,1961.219971
30/03/2010,1967.959961
31/03/2010,1958.339966
01/04/2010,1959.560059
05/04/2010,1977.829956
06/04/2010,1981.949951
07/04/2010,1977.300049
08/04/2010,1980.72998
09/04/2010,1994.430054
12/04/2010,1995.650024
13/04/2010,2003.810059
14/04/2010,2028.819946
15/04/2010,2038.640015
16/04/2010,2012.839966
19/04/2010,2013.530029
20/04/2010,2023.599976
21/04/2010,2034.530029
22/04/2010,2045.160034
23/04/2010,2055.330078
26/04/2010,2049.090088
27/04/2010,2006.25
28/04/2010,2007.589966
29/04/2010,2042.890015
30/04/2010,2000.630005
03/05/2010,2031.599976
04/05/2010,1968.969971
05/05/2010,1958.26001
06/05/2010,1893.75
07/05/2010,1849.439941
10/05/2010,1942.609985
11/05/2010,1940.47998
12/05/2010,1975.579956
13/05/2010,1945.52002
14/05/2010,1907.099976
17/05/2010,1915.449951
18/05/2010,1887.060059
19/05/2010,1873.420044
20/05/2010,1800.119995
21/05/2010,1822.77002
24/05/2010,1815.280029
25/05/2010,1815.680054
26/05/2010,1796.469971
27/05/2010,1862.709961
28/05/2010,1852.390015
01/06/2010,1835.040039
02/06/2010,1879.589966
03/06/2010,1895.660034
04/06/2010,1832.040039
07/06/2010,1798.160034
08/06/2010,1795.699951
09/06/2010,1778.920044
10/06/2010,1830.089966
11/06/2010,1847.150024
14/06/2010,1845.47998
15/06/2010,1897.47998
16/06/2010,1905.310059
17/06/2010,1910.650024
18/06/2010,1913.47998
21/06/2010,1895.839966
22/06/2010,1880.540039
23/06/2010,1874.420044
24/06/2010,1844.589966
25/06/2010,1838.52002
28/06/2010,1836
29/06/2010,1764.060059
30/06/2010,1739.140015
01/07/2010,1734.410034
02/07/2010,1728.339966
06/07/2010,1734.680054
07/07/2010,1789.719971
08/07/2010,1798.310059
09/07/2010,1814.790039
12/07/2010,1821.030029
13/07/2010,1845.030029
14/07/2010,1853.410034
15/07/2010,1856.23999
16/07/2010,1803.47998
19/07/2010,1819.280029
20/07/2010,1840.670044
21/07/2010,1817.300049
22/07/2010,1863.099976
23/07/2010,1875.380005
26/07/2010,1890.400024
27/07/2010,1888.810059
28/07/2010,1872.619995
29/07/2010,1860.300049
30/07/2010,1864
02/08/2010,1898.98999
03/08/2010,1891.810059
04/08/2010,1909.199951
05/08/2010,1904.949951
06/08/2010,1902.880005
09/08/2010,1915.170044
10/08/2010,1899.23999
11/08/2010,1845.380005
12/08/2010,1832.170044
13/08/2010,1818.800049
16/08/2010,1821.51001
17/08/2010,1845.369995
18/08/2010,1850.800049
19/08/2010,1823
20/08/2010,1825.75
23/08/2010,1808.310059
24/08/2010,1775.27002
25/08/2010,1790.880005
26/08/2010,1769.02002
27/08/2010,1791.640015
30/08/2010,1772.069946
31/08/2010,1767.430054
01/09/2010,1820.050049
02/09/2010,1840.579956
03/09/2010,1870.310059
07/09/2010,1856.5
08/09/2010,1880
09/09/2010,1886.140015
10/09/2010,1892.339966
13/09/2010,1921.670044
14/09/2010,1928.589966
15/09/2010,1939.599976
16/09/2010,1948.109985
17/09/2010,1955.829956
20/09/2010,1989.430054
21/09/2010,1989.109985
22/09/2010,1982.76001
23/09/2010,1982.150024
24/09/2010,2023.839966
27/09/2010,2010.98999
28/09/2010,2012.430054
29/09/2010,2009.079956
30/09/2010,1998.040039
01/10/2010,1996.599976
04/10/2010,1975.329956
05/10/2010,2024.630005
06/10/2010,2006.52002
07/10/2010,2011.630005
08/10/2010,2027.030029
11/10/2010,2026.97998
12/10/2010,2041.550049
13/10/2010,2057.25
14/10/2010,2054.51001
15/10/2010,2097.72998
18/10/2010,2104.149902
19/10/2010,2069.72998
20/10/2010,2085.75
21/10/2010,2090.100098
22/10/2010,2104.209961
25/10/2010,2113.550049
26/10/2010,2119.050049
27/10/2010,2125.879883
28/10/2010,2129.72998
29/10/2010,2124.449951
01/11/2010,2128.419922
02/11/2010,2151.719971
03/11/2010,2158.360107
04/11/2010,2187.800049
05/11/2010,2186.709961
08/11/2010,2188.939941
09/11/2010,2176.879883
10/11/2010,2187.73999
11/11/2010,2173.110107
12/11/2010,2137.949951
15/11/2010,2131.47998
16/11/2010,2093.629883
17/11/2010,2100
18/11/2010,2134.77002
19/11/2010,2135.27002
22/11/2010,2150.860107
23/11/2010,2116.610107
24/11/2010,2160.52002
26/11/2010,2153.909912
29/11/2010,2144.560059
30/11/2010,2117.330078
01/12/2010,2162.830078
02/12/2010,2185.300049
03/12/2010,2191.169922
06/12/2010,2189.810059
07/12/2010,2189.350098
08/12/2010,2200.600098
09/12/2010,2201.570068
10/12/2010,2215.340088
13/12/2010,2207.449951
14/12/2010,2212.590088
15/12/2010,2202.449951
16/12/2010,2218.02002
17/12/2010,2218.290039
20/12/2010,2223.040039
21/12/2010,2234.570068
22/12/2010,2235.909912
23/12/2010,2230.27002
27/12/2010,2229.860107
28/12/2010,2227.419922
29/12/2010,2231.639893
30/12/2010,2225.719971
31/12/2010,2217.860107
03/01/2011,2254.22998
04/01/2011,2251.459961
05/01/2011,2270.399902
06/01/2011,2277.51001
07/01/2011,2276.699951
10/01/2011,2284.379883
11/01/2011,2288.72998
12/01/2011,2304.879883
13/01/2011,2305.530029
14/01/2011,2323.429932
18/01/2011,2328.790039
19/01/2011,2303.320068
20/01/2011,2286.080078
21/01/2011,2268.320068
24/01/2011,2300.389893
25/01/2011,2304.030029
26/01/2011,2314.189941
27/01/2011,2330.070068
28/01/2011,2270.51001
31/01/2011,2281.909912
01/02/2011,2324.949951
02/02/2011,2321.090088
03/02/2011,2323.070068
04/02/2011,2338.199951
07/02/2011,2349.199951
08/02/2011,2363.610107
09/02/2011,2360.949951
10/02/2011,2364.350098
11/02/2011,2379.149902
14/02/2011,2385.600098
15/02/2011,2381.919922
16/02/2011,2397.939941
17/02/2011,2397.570068
18/02/2011,2392.469971
22/02/2011,2322.860107
23/02/2011,2300.939941
24/02/2011,2313.310059
25/02/2011,2346.290039
28/02/2011,2350.98999
01/03/2011,2315.26001
02/03/2011,2326.77002
03/03/2011,2371.76001
04/03/2011,2359.959961
07/03/2011,2328.070068
08/03/2011,2337.550049
09/03/2011,2322.689941
10/03/2011,2284.290039
11/03/2011,2299.26001
14/03/2011,2290.719971
15/03/2011,2259.620117
16/03/2011,2202.969971
17/03/2011,2225.23999
18/03/2011,2221.070068
21/03/2011,2262.699951
22/03/2011,2257.959961
23/03/2011,2270.5
24/03/2011,2312.090088
25/03/2011,2316.360107
28/03/2011,2303.100098
29/03/2011,2325.540039
30/03/2011,2336.52002
31/03/2011,2338.98999
01/04/2011,2342.919922
04/04/2011,2334.540039
05/04/2011,2327.870117
06/04/2011,2332.340088
07/04/2011,2332.879883
08/04/2011,2321.179932
11/04/2011,2314.5
12/04/2011,2298.300049
13/04/2011,2316.629883
14/04/2011,2311.25
15/04/2011,2307.580078
18/04/2011,2292.340088
19/04/2011,2306.77002
20/04/2011,2357.76001
21/04/2011,2377.300049
25/04/2011,2383.719971
26/04/2011,2396.030029
27/04/2011,2413.590088
28/04/2011,2409.899902
29/04/2011,2404.080078
02/05/2011,2404.23999
03/05/2011,2392.800049
04/05/2011,2387.51001
05/05/2011,2375.209961
06/05/2011,2383.179932
09/05/2011,2390.969971
10/05/2011,2411.350098
11/05/2011,2393.080078
12/05/2011,2407.889893
13/05/2011,2379.23999
16/05/2011,2337.850098
17/05/2011,2343.51001
18/05/2011,2362.949951
19/05/2011,2369.669922
20/05/2011,2351.429932
23/05/2011,2316.780029
24/05/2011,2303.550049
25/05/2011,2310.949951
26/05/2011,2325.929932
27/05/2011,2336.090088
31/05/2011,2372.540039
01/06/2011,2322.47998
02/06/2011,2326.699951
03/06/2011,2292.310059
06/06/2011,2274.47998
07/06/2011,2268.959961
08/06/2011,2252.889893
09/06/2011,2256.649902
10/06/2011,2221.090088
13/06/2011,2222.280029
14/06/2011,2250.340088
15/06/2011,2209.01001
16/06/2011,2199.929932
17/06/2011,2192.959961
20/06/2011,2204.360107
21/06/2011,2251.820068
22/06/2011,2235.75
23/06/2011,2255.050049
24/06/2011,2217.060059
27/06/2011,2252.23999
28/06/2011,2285.75
29/06/2011,2294.429932
30/06/2011,2325.070068
01/07/2011,2361.389893
05/07/2011,2371.209961
06/07/2011,2378.580078
07/07/2011,2412.889893
08/07/2011,2405.889893
11/07/2011,2362
12/07/2011,2343.790039
13/07/2011,2352.429932
14/07/2011,2325.060059
15/07/2011,2356.669922
18/07/2011,2344.01001
19/07/2011,2398.169922
20/07/2011,2387.800049
21/07/2011,2404.23999
22/07/2011,2429.5
25/07/2011,2424.149902
26/07/2011,2429.449951
27/07/2011,2367.159912
28/07/2011,2371.77002
29/07/2011,2362.810059
01/08/2011,2354.050049
02/08/2011,2292.850098
03/08/2011,2312.780029
04/08/2011,2207.199951
05/08/2011,2194.379883
08/08/2011,2060.290039
09/08/2011,2160.790039
10/08/2011,2073.090088
11/08/2011,2167.070068
12/08/2011,2182.050049
15/08/2011,2214.120117
16/08/2011,2194.27002
17/08/2011,2181.620117
18/08/2011,2073.030029
19/08/2011,2038.219971
22/08/2011,2044.72998
23/08/2011,2129.27002
24/08/2011,2145.040039
25/08/2011,2108.209961
26/08/2011,2161.969971
29/08/2011,2223.959961
30/08/2011,2237.689941
31/08/2011,2241.01001
01/09/2011,2219.050049
02/09/2011,2167.830078
06/09/2011,2167.600098
07/09/2011,2223.75
08/09/2011,2214.290039
09/09/2011,2163.659912
12/09/2011,2191.840088
13/09/2011,2220.580078
14/09/2011,2252.75
15/09/2011,2286.560059
16/09/2011,2306.090088
19/09/2011,2308.76001
20/09/2011,2295.889893
21/09/2011,2258.300049
22/09/2011,2184.590088
23/09/2011,2206.860107
26/09/2011,2234.280029
27/09/2011,2253.550049
28/09/2011,2220.840088
29/09/2011,2197.679932
30/09/2011,2139.179932
03/10/2011,2085.040039
04/10/2011,2129.209961
05/10/2011,2182.77002
06/10/2011,2217.98999
07/10/2011,2202.76001
10/10/2011,2278.649902
11/10/2011,2294.919922
12/10/2011,2307.179932
13/10/2011,2326.879883
14/10/2011,2371.939941
17/10/2011,2334.379883
18/10/2011,2364.870117
19/10/2011,2316.810059
20/10/2011,2306.290039
21/10/2011,2335.929932
24/10/2011,2384.419922
25/10/2011,2335.870117
26/10/2011,2334.790039
27/10/2011,2399.830078
28/10/2011,2401.290039
31/10/2011,2360.080078
01/11/2011,2298.370117
02/11/2011,2318.320068
03/11/2011,2367.709961
04/11/2011,2356.320068
07/11/2011,2371.040039
08/11/2011,2400.01001
09/11/2011,2314.100098
10/11/2011,2312.070068
11/11/2011,2355.780029
14/11/2011,2341.320068
15/11/2011,2366.23999
16/11/2011,2324.370117
17/11/2011,2272.090088
18/11/2011,2253.949951
21/11/2011,2211.139893
22/11/2011,2216.330078
23/11/2011,2166.540039
25/11/2011,2150.879883
28/11/2011,2224.219971
29/11/2011,2211.389893
30/11/2011,2295.199951
01/12/2011,2309.199951
02/12/2011,2302.040039
05/12/2011,2326.949951
06/12/2011,2321.48999
07/12/2011,2320.540039
08/12/2011,2282.590088
09/12/2011,2318.679932
12/12/2011,2292.23999
13/12/2011,2268.370117
14/12/2011,2233.030029
15/12/2011,2226.709961
16/12/2011,2238.179932
19/12/2011,2215.27002
20/12/2011,2281.939941
21/12/2011,2249.030029
22/12/2011,2266.77002
23/12/2011,2287.570068
27/12/2011,2293.120117
28/12/2011,2267.080078
29/12/2011,2285.070068
30/12/2011,2277.830078
03/01/2012,2321.959961
04/01/2012,2329.709961
05/01/2012,2348.97998
06/01/2012,2356.169922
09/01/2012,2350.649902
10/01/2012,2367.379883
11/01/2012,2372.25
12/01/2012,2381.98999
13/01/2012,2371.97998
17/01/2012,2393.23999
18/01/2012,2425.959961
19/01/2012,2441.699951
20/01/2012,2437.02002
23/01/2012,2437.219971
24/01/2012,2433.959961
25/01/2012,2465.659912
26/01/2012,2454.629883
27/01/2012,2461.77002
30/01/2012,2465.320068
31/01/2012,2467.949951
01/02/2012,2488.179932
02/02/2012,2495.830078
03/02/2012,2529.169922
06/02/2012,2528.300049
07/02/2012,2532.060059
08/02/2012,2545.719971
09/02/2012,2563.929932
10/02/2012,2547.320068
13/02/2012,2569.48999
14/02/2012,2575.23999
15/02/2012,2556.01001
16/02/2012,2592.290039
17/02/2012,2584.23999
21/02/2012,2590.23999
22/02/2012,2579.780029
23/02/2012,2594.929932
24/02/2012,2604.209961
27/02/2012,2606.76001
28/02/2012,2633.459961
29/02/2012,2623.100098
01/03/2012,2643.540039
02/03/2012,2641.580078
05/03/2012,2614.919922
06/03/2012,2588.949951
07/03/2012,2607.850098
08/03/2012,2637.179932
09/03/2012,2646.850098
12/03/2012,2646.850098
13/03/2012,2697.429932
14/03/2012,2708.409912
15/03/2012,2714.790039
16/03/2012,2712.780029
19/03/2012,2733.26001
20/03/2012,2737.629883
21/03/2012,2736.879883
22/03/2012,2731.5
23/03/2012,2728.550049
26/03/2012,2778.02002
27/03/2012,2782.120117
28/03/2012,2770.969971
29/03/2012,2762.050049
30/03/2012,2755.27002
02/04/2012,2784.419922
03/04/2012,2782.780029
04/04/2012,2745
05/04/2012,2762.5
09/04/2012,2739.97998
10/04/2012,2695.120117
11/04/2012,2708.129883
12/04/2012,2740.26001
13/04/2012,2698.98999
16/04/2012,2670.100098
17/04/2012,2723.580078
18/04/2012,2716.139893
19/04/2012,2686.820068
20/04/2012,2676.040039
23/04/2012,2653.5
24/04/2012,2638.72998
25/04/2012,2709.620117
26/04/2012,2725.22998
27/04/2012,2741.340088
30/04/2012,2723.679932
01/05/2012,2726.919922
02/05/2012,2734.77002
03/05/2012,2704.590088
04/05/2012,2637.919922
07/05/2012,2639.280029
08/05/2012,2629.870117
09/05/2012,2621.350098
10/05/2012,2616.23999
11/05/2012,2615.97998
14/05/2012,2590.280029
15/05/2012,2580.75
16/05/2012,2561.560059
17/05/2012,2509.050049
18/05/2012,2478.530029
21/05/2012,2545.429932
22/05/2012,2539.199951
23/05/2012,2547.080078
24/05/2012,2531.350098
25/05/2012,2527.050049
29/05/2012,2558.969971
30/05/2012,2537.399902
31/05/2012,2524.870117
01/06/2012,2458.830078
04/06/2012,2478.129883
05/06/2012,2487.5
06/06/2012,2546.320068
07/06/2012,2535.409912
08/06/2012,2559.209961
11/06/2012,2517.179932
12/06/2012,2546.199951
13/06/2012,2527.439941
14/06/2012,2539.969971
15/06/2012,2571.22998
18/06/2012,2592.52002
19/06/2012,2620.830078
20/06/2012,2623.330078
21/06/2012,2556.959961
22/06/2012,2585.530029
25/06/2012,2533.540039
26/06/2012,2549.840088
27/06/2012,2565.530029
28/06/2012,2536.649902
29/06/2012,2615.719971
02/07/2012,2625.030029
03/07/2012,2645.840088
05/07/2012,2647.469971
06/07/2012,2612.290039
09/07/2012,2610.310059
10/07/2012,2585.52002
11/07/2012,2570.98999
12/07/2012,2545.300049
13/07/2012,2584.969971
16/07/2012,2577.050049
17/07/2012,2591.649902
18/07/2012,2625.870117
19/07/2012,2655.810059
20/07/2012,2618.040039
23/07/2012,2589.929932
24/07/2012,2567.459961
25/07/2012,2549.199951
26/07/2012,2584.850098
27/07/2012,2647.030029
30/07/2012,2642.120117
31/07/2012,2642.530029
01/08/2012,2635.129883
02/08/2012,2625.52002
03/08/2012,2676
06/08/2012,2694.090088
07/08/2012,2717.159912
08/08/2012,2714.02002
09/08/2012,2719.610107
10/08/2012,2722.959961
13/08/2012,2728.679932
14/08/2012,2727.790039
15/08/2012,2735.469971
16/08/2012,2768.090088
17/08/2012,2780.300049
20/08/2012,2784.330078
21/08/2012,2772.199951
22/08/2012,2783.419922
23/08/2012,2762.02002
24/08/2012,2778.050049
27/08/2012,2782.550049
28/08/2012,2782.689941
29/08/2012,2784
30/08/2012,2753.73999
31/08/2012,2772.23999
04/09/2012,2772.030029
05/09/2012,2766.949951
06/09/2012,2829.709961
07/09/2012,2825.110107
10/09/2012,2788.350098
11/09/2012,2784.889893
12/09/2012,2791.679932
13/09/2012,2831.350098
14/09/2012,2855.22998
17/09/2012,2856.439941
18/09/2012,2857.379883
19/09/2012,2864.030029
20/09/2012,2861.699951
21/09/2012,2861.639893
24/09/2012,2843.97998
25/09/2012,2804.530029
26/09/2012,2781.629883
27/09/2012,2821.600098
28/09/2012,2799.189941
01/10/2012,2794.280029
02/10/2012,2799.290039
03/10/2012,2818.840088
04/10/2012,2828.600098
05/10/2012,2811.939941
08/10/2012,2786.919922
09/10/2012,2741.919922
10/10/2012,2728.540039
11/10/2012,2719.209961
12/10/2012,2720.139893
15/10/2012,2739.870117
16/10/2012,2778.379883
17/10/2012,2775.620117
18/10/2012,2744.169922
19/10/2012,2678.320068
22/10/2012,2694.560059
23/10/2012,2666.02002
24/10/2012,2655.550049
25/10/2012,2657.659912
26/10/2012,2665.830078
31/10/2012,2647.919922
01/11/2012,2687.52002
02/11/2012,2656.280029
05/11/2012,2672.909912
06/11/2012,2681.050049
07/11/2012,2612.689941
08/11/2012,2572.570068
09/11/2012,2584.100098
12/11/2012,2582.77002
13/11/2012,2561.860107
14/11/2012,2531.870117
15/11/2012,2524.360107
16/11/2012,2534.159912
19/11/2012,2595.830078
20/11/2012,2594.659912
21/11/2012,2600.47998
23/11/2012,2639.590088
26/11/2012,2651.669922
27/11/2012,2641.419922
28/11/2012,2665.27002
29/11/2012,2680.030029
30/11/2012,2677.879883
03/12/2012,2671.840088
04/12/2012,2667.889893
05/12/2012,2637.889893
06/12/2012,2656.300049
07/12/2012,2640.540039
10/12/2012,2647.570068
11/12/2012,2682.070068
12/12/2012,2674.570068
13/12/2012,2654.01001
14/12/2012,2628.090088
17/12/2012,2664.26001
18/12/2012,2705.389893
19/12/2012,2690.98999
20/12/2012,2693.550049
21/12/2012,2664.669922
24/12/2012,2658.050049
26/12/2012,2637.179932
27/12/2012,2632.939941
28/12/2012,2606.360107
31/12/2012,2660.929932
02/01/2013,2746.469971
03/01/2013,2732.26001
04/01/2013,2724.48999
07/01/2013,2724.219971
08/01/2013,2718.719971
09/01/2013,2727.649902
10/01/2013,2744.179932
11/01/2013,2748.26001
14/01/2013,2735.699951
15/01/2013,2722.97998
16/01/2013,2734.72998
17/01/2013,2747.149902
18/01/2013,2743.23999
22/01/2013,2746.189941
23/01/2013,2762.169922
24/01/2013,2723.530029
25/01/2013,2736.72998
28/01/2013,2742.429932
29/01/2013,2743.580078
30/01/2013,2738.709961
31/01/2013,2731.530029
01/02/2013,2763.959961
04/02/2013,2715.679932
05/02/2013,2754.98999
06/02/2013,2746.350098
07/02/2013,2746.5
08/02/2013,2775.560059
11/02/2013,2774.639893
12/02/2013,2762.620117
13/02/2013,2773.77002
14/02/2013,2771.429932
15/02/2013,2764.669922
19/02/2013,2782.860107
20/02/2013,2739.98999
21/02/2013,2711.51001
22/02/2013,2737.280029
25/02/2013,2700.969971
26/02/2013,2713.02002
27/02/2013,2741.26001
28/02/2013,2738.580078
01/03/2013,2747.75
04/03/2013,2759.530029
05/03/2013,2799.25
06/03/2013,2792.560059
07/03/2013,2799.48999
08/03/2013,2804.110107
11/03/2013,2811.860107
12/03/2013,2800.810059
13/03/2013,2798.679932
14/03/2013,2807.300049
15/03/2013,2799.409912
18/03/2013,2792.300049
19/03/2013,2787.27002
20/03/2013,2805.909912
21/03/2013,2774.850098
22/03/2013,2800.810059
25/03/2013,2789.449951
26/03/2013,2806.5
27/03/2013,2809.97998
28/03/2013,2818.689941
01/04/2013,2797.070068
02/04/2013,2820.620117
03/04/2013,2795.040039
04/04/2013,2794.919922
05/04/2013,2771.75
08/04/2013,2786.129883
09/04/2013,2804.669922
10/04/2013,2859.209961
11/04/2013,2859.070068
12/04/2013,2856.47998
15/04/2013,2797.469971
16/04/2013,2838.409912
17/04/2013,2781.97998
18/04/2013,2741.949951
19/04/2013,2780.459961
22/04/2013,2810.070068
23/04/2013,2835.370117
24/04/2013,2834.120117
25/04/2013,2848.659912
26/04/2013,2840.550049
29/04/2013,2866.949951
30/04/2013,2887.439941
01/05/2013,2873.350098
02/05/2013,2911.139893
03/05/2013,2944.590088
06/05/2013,2955.360107
07/05/2013,2952.879883
08/05/2013,2968.23999
09/05/2013,2961.120117
10/05/2013,2981.02002
13/05/2013,2982.090088
14/05/2013,2996.050049
15/05/2013,3002.620117
16/05/2013,2999.340088
17/05/2013,3028.959961
20/05/2013,3020.969971
21/05/2013,3026.449951
22/05/2013,2999.129883
23/05/2013,2991.449951
24/05/2013,2991.02002
28/05/2013,3011.939941
29/05/2013,2994.820068
30/05/2013,3011.830078
31/05/2013,2981.76001
03/06/2013,2990.790039
04/06/2013,2973.689941
05/06/2013,2937.139893
06/06/2013,2950.300049
07/06/2013,2990.870117
10/06/2013,2990.48999
11/06/2013,2959.840088
12/06/2013,2926.139893
13/06/2013,2962.899902
14/06/2013,2943.860107
17/06/2013,2971.26001
18/06/2013,2996.090088
19/06/2013,2959.5
20/06/2013,2890.330078
21/06/2013,2877.939941
24/06/2013,2848.199951
25/06/2013,2866.5
26/06/2013,2893.850098
27/06/2013,2906.840088
28/06/2013,2909.600098
01/07/2013,2927.350098
02/07/2013,2929.629883
03/07/2013,2941.409912
05/07/2013,2963.219971
08/07/2013,2966.129883
09/07/2013,2984.320068
10/07/2013,3000.659912
11/07/2013,3059.459961
12/07/2013,3079.070068
15/07/2013,3079.850098
16/07/2013,3077.469971
17/07/2013,3085.280029
18/07/2013,3077.820068
19/07/2013,3044.929932
22/07/2013,3055.22998
23/07/2013,3031.399902
24/07/2013,3041.159912
25/07/2013,3061.669922
26/07/2013,3076.22998
29/07/2013,3068.949951
30/07/2013,3085.330078
31/07/2013,3090.189941
01/08/2013,3126.300049
02/08/2013,3143.52002
05/08/2013,3143.189941
06/08/2013,3122.199951
07/08/2013,3118.689941
08/08/2013,3130.129883
09/08/2013,3118.570068
12/08/2013,3125.929932
13/08/2013,3141.060059
14/08/2013,3129.449951
15/08/2013,3076.22998
16/08/2013,3073.909912
19/08/2013,3069.76001
20/08/2013,3082.169922
21/08/2013,3071.469971
22/08/2013,3101.820068
23/08/2013,3124.27002
26/08/2013,3122.669922
27/08/2013,3059.580078
28/08/2013,3072.169922
29/08/2013,3093.360107
30/08/2013,3073.810059
03/09/2013,3091.76001
04/09/2013,3124.540039
05/09/2013,3129.939941
06/09/2013,3133.379883
09/09/2013,3169.929932
10/09/2013,3185.070068
11/09/2013,3179.860107
12/09/2013,3175.570068
13/09/2013,3178.280029
16/09/2013,3168.689941
17/09/2013,3190.830078
18/09/2013,3231.310059
19/09/2013,3237.610107
20/09/2013,3224.72998
23/09/2013,3219.340088
24/09/2013,3218.659912
25/09/2013,3208.550049
26/09/2013,3234.040039
27/09/2013,3230.300049
30/09/2013,3218.199951
01/10/2013,3253.050049
02/10/2013,3253.26001
03/10/2013,3213.830078
04/10/2013,3242.570068
07/10/2013,3215.689941
08/10/2013,3153.870117
09/10/2013,3142.540039
10/10/2013,3210.840088
11/10/2013,3233.830078
14/10/2013,3256.02002
15/10/2013,3244.659912
16/10/2013,3281.669922
17/10/2013,3301.280029
18/10/2013,3353.879883
21/10/2013,3361.179932
22/10/2013,3366.929932
23/10/2013,3346.050049
24/10/2013,3362.379883
25/10/2013,3383.830078
28/10/2013,3382.679932
29/10/2013,3391.75
30/10/2013,3385.379883
31/10/2013,3377.72998
01/11/2013,3379.76001
04/11/2013,3384.75
05/11/2013,3388.820068
06/11/2013,3385.379883
07/11/2013,3321.409912
08/11/2013,3366.840088
11/11/2013,3362.97998
12/11/2013,3365.22998
13/11/2013,3405.560059
14/11/2013,3415.139893
15/11/2013,3422.580078
18/11/2013,3388.870117
19/11/2013,3378.129883
20/11/2013,3367.169922
21/11/2013,3402.73999
22/11/2013,3422.02002
25/11/2013,3427.48999
26/11/2013,3445.76001
27/11/2013,3470.47998
29/11/2013,3487.820068
02/12/2013,3481.149902
03/12/2013,3479.340088
04/12/2013,3483.01001
05/12/2013,3477.72998
06/12/2013,3504.26001
09/12/2013,3516.169922
10/12/2013,3514.199951
11/12/2013,3468.98999
12/12/2013,3460.290039
13/12/2013,3456.399902
16/12/2013,3475.790039
17/12/2013,3469.320068
18/12/2013,3509.629883
19/12/2013,3498.629883
20/12/2013,3531.189941
23/12/2013,3569.399902
24/12/2013,3572.800049
26/12/2013,3584.580078
27/12/2013,3574.02002
30/12/2013,3570.080078
31/12/2013,3592
02/01/2014,3563.570068
03/01/2014,3538.72998
06/01/2014,3526.959961
07/01/2014,3557.850098
08/01/2014,3567.540039
09/01/2014,3552.580078
10/01/2014,3565.080078
13/01/2014,3512.800049
14/01/2014,3580.649902
15/01/2014,3609.840088
16/01/2014,3611.290039
17/01/2014,3591.25
21/01/2014,3617.699951
22/01/2014,3627.719971
23/01/2014,3613.76001
24/01/2014,3541.47998
27/01/2014,3509.02002
28/01/2014,3505.719971
29/01/2014,3467.820068
30/01/2014,3532.409912
31/01/2014,3521.919922
03/02/2014,3440.5
04/02/2014,3470.199951
05/02/2014,3454.899902
06/02/2014,3497.600098
07/02/2014,3561.909912
10/02/2014,3582.110107
11/02/2014,3621.719971
12/02/2014,3627.360107
13/02/2014,3659.560059
14/02/2014,3663.879883
18/02/2014,3679.429932
19/02/2014,3652.850098
20/02/2014,3671.929932
21/02/2014,3662.600098
24/02/2014,3685.810059
25/02/2014,3679.139893
26/02/2014,3676.600098
27/02/2014,3699.800049
28/02/2014,3696.100098
03/03/2014,3668.370117
04/03/2014,3719.929932
05/03/2014,3727.189941
06/03/2014,3720.929932
07/03/2014,3703.399902
10/03/2014,3706.340088
11/03/2014,3691.5
12/03/2014,3707.060059
13/03/2014,3651.48999
14/03/2014,3627.870117
17/03/2014,3662.51001
18/03/2014,3706.620117
19/03/2014,3682.73999
20/03/2014,3693.969971
21/03/2014,3653.070068
24/03/2014,3617.389893
25/03/2014,3629.72998
26/03/2014,3582.889893
27/03/2014,3563.129883
28/03/2014,3571.48999
31/03/2014,3595.73999
01/04/2014,3658.399902
02/04/2014,3665.98999
03/04/2014,3637.580078
04/04/2014,3539.379883
07/04/2014,3507.75
08/04/2014,3538.22998
09/04/2014,3600.439941
10/04/2014,3487.76001
11/04/2014,3446.850098
14/04/2014,3474.629883
15/04/2014,3487.850098
16/04/2014,3533.090088
17/04/2014,3534.530029
21/04/2014,3559.949951
22/04/2014,3588.810059
23/04/2014,3557.040039
24/04/2014,3591.030029
25/04/2014,3533.100098
28/04/2014,3545.030029
29/04/2014,3573.98999
30/04/2014,3582.02002
01/05/2014,3594.360107
02/05/2014,3587.639893
05/05/2014,3605.090088
06/05/2014,3556.51001
07/05/2014,3546.469971
08/05/2014,3540.419922
09/05/2014,3555.699951
12/05/2014,3612.72998
13/05/2014,3611.129883
14/05/2014,3593.25
15/05/2014,3565.169922
16/05/2014,3587.199951
19/05/2014,3615.620117
20/05/2014,3600.310059
21/05/2014,3635.610107
22/05/2014,3650.860107
23/05/2014,3677.330078
27/05/2014,3723.070068
28/05/2014,3712.26001
29/05/2014,3735.719971
30/05/2014,3736.820068
02/06/2014,3732.959961
03/06/2014,3730.070068
04/06/2014,3743.590088
05/06/2014,3776.949951
06/06/2014,3794.570068
09/06/2014,3795.73999
10/06/2014,3800.860107
11/06/2014,3797.850098
12/06/2014,3763.800049
13/06/2014,3775.560059
16/06/2014,3779.929932
17/06/2014,3781.320068
18/06/2014,3804.610107
19/06/2014,3800.800049
20/06/2014,3802.639893
23/06/2014,3805.310059
24/06/2014,3799.530029
25/06/2014,3827.330078
26/06/2014,3826.909912
27/06/2014,3844.439941
30/06/2014,3849.47998
01/07/2014,3894.330078
02/07/2014,3899.27002
03/07/2014,3923.01001
07/07/2014,3910.709961
08/07/2014,3864.070068
09/07/2014,3892.909912
10/07/2014,3880.040039
11/07/2014,3904.580078
14/07/2014,3929.459961
15/07/2014,3914.459961
16/07/2014,3932.330078
17/07/2014,3878.01001
18/07/2014,3939.889893
21/07/2014,3934.139893
22/07/2014,3961.620117
23/07/2014,3986.189941
24/07/2014,3983.189941
25/07/2014,3965.169922
28/07/2014,3967.23999
29/07/2014,3959.030029
30/07/2014,3976.070068
31/07/2014,3892.5
01/08/2014,3879.669922
04/08/2014,3908.77002
05/08/2014,3874.939941
06/08/2014,3874.27002
07/08/2014,3857.939941
08/08/2014,3888.090088
11/08/2014,3910.459961
12/08/2014,3905.22998
13/08/2014,3949.199951
14/08/2014,3969.110107
15/08/2014,3987.51001
18/08/2014,4020.5
19/08/2014,4040.129883
20/08/2014,4040.709961
21/08/2014,4047.030029
22/08/2014,4052.75
25/08/2014,4067.47998
26/08/2014,4071.669922
27/08/2014,4073.179932
28/08/2014,4066.27002
29/08/2014,4082.560059
02/09/2014,4095.810059
03/09/2014,4070.959961
04/09/2014,4066.129883
05/09/2014,4089.919922
08/09/2014,4095.469971
09/09/2014,4061.879883
10/09/2014,4094.969971
11/09/2014,4092.649902
12/09/2014,4069.22998
15/09/2014,4029.889893
16/09/2014,4067.27002
17/09/2014,4073.570068
18/09/2014,4103.080078
19/09/2014,4100.089844
22/09/2014,4061.22998
23/09/2014,4051.570068
24/09/2014,4094.310059
25/09/2014,4007.820068
26/09/2014,4053.719971
29/09/2014,4047.179932
30/09/2014,4049.449951
01/10/2014,3984.73999
02/10/2014,3985.870117
03/10/2014,4027.310059
06/10/2014,4016.27002
07/10/2014,3958.590088
08/10/2014,4041.120117
09/10/2014,3969.320068
10/10/2014,3870.860107
13/10/2014,3808
14/10/2014,3810.449951
15/10/2014,3785.969971
16/10/2014,3765.280029
17/10/2014,3815.469971
20/10/2014,3870.080078
21/10/2014,3971.389893
22/10/2014,3949.590088
23/10/2014,4012.27002
24/10/2014,4042.02002
27/10/2014,4046.02002
28/10/2014,4106.629883
29/10/2014,4090.550049
30/10/2014,4100.640137
31/10/2014,4158.209961
03/11/2014,4169.279785
04/11/2014,4156.22998
05/11/2014,4153.27002
06/11/2014,4164.080078
07/11/2014,4160.5
10/11/2014,4175.950195
11/11/2014,4187.160156
12/11/2014,4195.399902
13/11/2014,4213.47998
14/11/2014,4224.990234
17/11/2014,4213.790039
18/11/2014,4242.189941
19/11/2014,4222.660156
20/11/2014,4242.089844
21/11/2014,4251.319824
24/11/2014,4284.319824
25/11/2014,4288.22998
26/11/2014,4317.990234
28/11/2014,4337.790039
01/12/2014,4287.810059
02/12/2014,4305.959961
03/12/2014,4312.930176
04/12/2014,4311.930176
05/12/2014,4311.569824
08/12/2014,4278.339844
09/12/2014,4294.669922
10/12/2014,4224.870117
11/12/2014,4246.47998
12/12/2014,4199.279785
15/12/2014,4157.410156
16/12/2014,4089.600098
17/12/2014,4165.100098
18/12/2014,4267.77002
19/12/2014,4281.779785
22/12/2014,4293.669922
23/12/2014,4279.299805
24/12/2014,4283.100098
26/12/2014,4314.089844
29/12/2014,4312.640137
30/12/2014,4282.350098
31/12/2014,4236.279785
02/01/2015,4230.240234
05/01/2015,4160.959961
06/01/2015,4110.830078
07/01/2015,4160
08/01/2015,4240.549805
09/01/2015,4213.279785
12/01/2015,4169.970215
13/01/2015,4166.200195
14/01/2015,4145.839844
15/01/2015,4089.649902
16/01/2015,4142.140137
20/01/2015,4171.209961
21/01/2015,4192.089844
22/01/2015,4270.359863
23/01/2015,4278.140137
26/01/2015,4275.720215
27/01/2015,4165.5
28/01/2015,4140.379883
29/01/2015,4181.350098
30/01/2015,4148.430176
02/02/2015,4188.589844
03/02/2015,4229.149902
04/02/2015,4221.200195
05/02/2015,4256.180176
06/02/2015,4228.680176
09/02/2015,4216.089844
10/02/2015,4281.160156
11/02/2015,4297.279785
12/02/2015,4347.970215
13/02/2015,4384.029785
17/02/2015,4385.339844
18/02/2015,4390.910156
19/02/2015,4411.859863
20/02/2015,4443.049805
23/02/2015,4449.490234
24/02/2015,4451.029785
25/02/2015,4440.589844
26/02/2015,4462.27002
27/02/2015,4440.669922
02/03/2015,4483.049805
03/03/2015,4458.779785
04/03/2015,4445.359863
05/03/2015,4452.060059
06/03/2015,4399.22998
09/03/2015,4412.990234
10/03/2015,4329.080078
11/03/2015,4305.379883
12/03/2015,4336.22998
13/03/2015,4314.899902
16/03/2015,4370.470215
17/03/2015,4375.629883
18/03/2015,4422.5
19/03/2015,4426.819824
20/03/2015,4458.540039
23/03/2015,4445.540039
24/03/2015,4430.990234
25/03/2015,4329.290039
26/03/2015,4315.259766
27/03/2015,4332.859863
30/03/2015,4382.819824
31/03/2015,4333.689941
01/04/2015,4311.259766
02/04/2015,4316.009766
06/04/2015,4350.97998
07/04/2015,4344.080078
08/04/2015,4375.959961
09/04/2015,4403.950195
10/04/2015,4422.02002
13/04/2015,4409.209961
14/04/2015,4397.640137
15/04/2015,4424.529785
16/04/2015,4418.830078
17/04/2015,4351.799805
20/04/2015,4417.399902
21/04/2015,4435.97998
22/04/2015,4460.810059
23/04/2015,4477.069824
24/04/2015,4536.779785
27/04/2015,4525.040039
28/04/2015,4515.27002
29/04/2015,4488.149902
30/04/2015,4414.25
01/05/2015,4479.060059
04/05/2015,4482.609863
05/05/2015,4409.390137
06/05/2015,4379.75
07/05/2015,4401.549805
08/05/2015,4458.649902
11/05/2015,4438.640137
12/05/2015,4420.649902
13/05/2015,4426.560059
14/05/2015,4495.040039
15/05/2015,4494.290039
18/05/2015,4512.950195
19/05/2015,4503.720215
20/05/2015,4505.299805
21/05/2015,4529.470215
22/05/2015,4527.160156
26/05/2015,4472.959961
27/05/2015,4546.060059
28/05/2015,4535.660156
29/05/2015,4508.25
01/06/2015,4521.850098
02/06/2015,4508.890137
03/06/2015,4519.859863
04/06/2015,4487.029785
05/06/2015,4477.189941
08/06/2015,4431.509766
09/06/2015,4427.609863
10/06/2015,4485.459961
11/06/2015,4488.470215
12/06/2015,4453.790039
15/06/2015,4432.919922
16/06/2015,4455.899902
17/06/2015,4468.97998
18/06/2015,4531.850098
19/06/2015,4513.419922
22/06/2015,4544.040039
23/06/2015,4548.740234
24/06/2015,4524.600098
25/06/2015,4514.009766
26/06/2015,4484.279785
29/06/2015,4379.870117
30/06/2015,4396.759766
01/07/2015,4429.22998
02/07/2015,4433.390137
06/07/2015,4418.660156
07/07/2015,4429.060059
08/07/2015,4351.580078
09/07/2015,4352.029785
10/07/2015,4420.149902
13/07/2015,4494.470215
14/07/2015,4523.470215
15/07/2015,4528.359863
16/07/2015,4594.899902
17/07/2015,4661.600098
20/07/2015,4679.680176
21/07/2015,4674.410156
22/07/2015,4623.240234
23/07/2015,4602.830078
24/07/2015,4557.370117
27/07/2015,4519.089844
28/07/2015,4560.22998
29/07/2015,4581.600098
30/07/2015,4598.589844
31/07/2015,4588.910156
03/08/2015,4580.459961
04/08/2015,4567.470215
05/08/2015,4602.240234
06/08/2015,4528.509766
07/08/2015,4520.080078
10/08/2015,4573.109863
11/08/2015,4513.990234
12/08/2015,4528.189941
13/08/2015,4519.319824
14/08/2015,4530.740234
17/08/2015,4566.370117
18/08/2015,4542.069824
19/08/2015,4510.899902
20/08/2015,4385.129883
21/08/2015,4197.27002
24/08/2015,4038.600098
25/08/2015,4016.320068
26/08/2015,4219.600098
27/08/2015,4324.819824
28/08/2015,4329.120117
31/08/2015,4274.580078
01/09/2015,4142.629883
02/09/2015,4256.22998
03/09/2015,4234.649902
04/09/2015,4184.720215
08/09/2015,4303.529785
09/09/2015,4253.450195
10/09/2015,4296.299805
11/09/2015,4323.22998
14/09/2015,4308.759766
15/09/2015,4360.279785
16/09/2015,4383.669922
17/09/2015,4384.959961
18/09/2015,4323.859863
21/09/2015,4336.129883
22/09/2015,4274.100098
23/09/2015,4273.529785
24/09/2015,4261.100098
25/09/2015,4224.740234
28/09/2015,4103.470215
29/09/2015,4083.370117
30/09/2015,4181.060059
01/10/2015,4192.959961
02/10/2015,4267.450195
05/10/2015,4331.430176
06/10/2015,4306.700195
07/10/2015,4333.459961
08/10/2015,4350.149902
09/10/2015,4370.009766
12/10/2015,4382.560059
13/10/2015,4352.939941
14/10/2015,4346.919922
15/10/2015,4418.220215
16/10/2015,4438.620117
19/10/2015,4462.069824
20/10/2015,4438.180176
21/10/2015,4413.52002
22/10/2015,4503.220215
23/10/2015,4624.089844
26/10/2015,4630.850098
27/10/2015,4639.22998
28/10/2015,4678.580078
29/10/2015,4670.759766
30/10/2015,4648.830078
02/11/2015,4703.919922
03/11/2015,4719.049805
04/11/2015,4717.549805
05/11/2015,4702.899902
06/11/2015,4707.22998
09/11/2015,4655.52002
10/11/2015,4641.72998
11/11/2015,4636.939941
12/11/2015,4588.930176
13/11/2015,4502.140137
16/11/2015,4565.470215
17/11/2015,4565.819824
18/11/2015,4653.439941
19/11/2015,4655.350098
20/11/2015,4686.359863
23/11/2015,4674.790039
24/11/2015,4669.410156
25/11/2015,4672.879883
27/11/2015,4680.470215
30/11/2015,4664.509766
01/12/2015,4716.160156
02/12/2015,4686.220215
03/12/2015,4606.75
04/12/2015,4716.120117
07/12/2015,4693.620117
08/12/2015,4694.77002
09/12/2015,4622.140137
10/12/2015,4643.049805
11/12/2015,4537.560059
14/12/2015,4570.160156
15/12/2015,4597.330078
16/12/2015,4664.560059
17/12/2015,4598.140137
18/12/2015,4514.830078
21/12/2015,4560.549805
22/12/2015,4589.259766
23/12/2015,4624.589844
24/12/2015,4622.77002
28/12/2015,4621.350098
29/12/2015,4691.080078
30/12/2015,4652.009766
31/12/2015,4593.27002
04/01/2016,4497.859863
05/01/2016,4484.180176
06/01/2016,4443.990234
07/01/2016,4305.720215
08/01/2016,4270.779785
11/01/2016,4283.549805
12/01/2016,4333.720215
13/01/2016,4183.120117
14/01/2016,4272.970215
15/01/2016,4141.080078
19/01/2016,4147.069824
20/01/2016,4136.279785
21/01/2016,4142.600098
22/01/2016,4259.77002
25/01/2016,4196.529785
26/01/2016,4233.850098
27/01/2016,4128.859863
28/01/2016,4186.060059
29/01/2016,4279.169922
01/02/2016,4286.560059
02/02/2016,4193.100098
03/02/2016,4171.970215
04/02/2016,4167.77002
05/02/2016,4024.469971
08/02/2016,3960.669922
09/02/2016,3947.800049
10/02/2016,3966.280029
11/02/2016,3962.219971
12/02/2016,4019.189941
16/02/2016,4104.330078
17/02/2016,4199.100098
18/02/2016,4151.490234
19/02/2016,4164.089844
22/02/2016,4231.27002
23/02/2016,4162.540039
24/02/2016,4200.660156
25/02/2016,4241.060059
26/02/2016,4235.620117
29/02/2016,4201.120117
01/03/2016,4333.609863
02/03/2016,4334.390137
03/03/2016,4325.859863
04/03/2016,4329
07/03/2016,4303.330078
08/03/2016,4265.509766
09/03/2016,4293.22998
10/03/2016,4286.970215
11/03/2016,4361.830078
14/03/2016,4367.330078
15/03/2016,4367.080078
16/03/2016,4404.200195
17/03/2016,4400.259766
18/03/2016,4410.830078
21/03/2016,4426.97998
22/03/2016,4437.620117
23/03/2016,4402.560059
24/03/2016,4405.529785
28/03/2016,4398.069824
29/03/2016,4467.720215
30/03/2016,4490.879883
31/03/2016,4483.660156
01/04/2016,4532.080078
04/04/2016,4511.700195
05/04/2016,4470.75
06/04/2016,4543.779785
07/04/2016,4475.290039
08/04/2016,4474.930176
11/04/2016,4458.709961
12/04/2016,4496.040039
13/04/2016,4554.720215
14/04/2016,4554.629883
15/04/2016,4543.160156
18/04/2016,4569.310059
19/04/2016,4537.089844
20/04/2016,4540.439941
21/04/2016,4540.799805
22/04/2016,4474.189941
25/04/2016,4474.129883
26/04/2016,4452.970215
27/04/2016,4416.629883
28/04/2016,4363.990234
29/04/2016,4341.299805
02/05/2016,4381.299805
03/05/2016,4341.390137
04/05/2016,4312.009766
05/05/2016,4309.47998
06/05/2016,4330.169922
09/05/2016,4341.22998
10/05/2016,4402.040039
11/05/2016,4361.029785
12/05/2016,4342.810059
13/05/2016,4326.529785
16/05/2016,4380.47998
17/05/2016,4322.560059
18/05/2016,4338.22998
19/05/2016,4315.580078
20/05/2016,4362.899902
23/05/2016,4355.100098
24/05/2016,4444.299805
25/05/2016,4476.430176
26/05/2016,4487.959961
27/05/2016,4512.540039
31/05/2016,4523.890137
01/06/2016,4520.069824
02/06/2016,4531.350098
03/06/2016,4509.790039
06/06/2016,4523.629883
07/06/2016,4513.089844
08/06/2016,4520.629883
09/06/2016,4512.689941
10/06/2016,4461.049805
13/06/2016,4422.759766
14/06/2016,4424.910156
15/06/2016,4409.509766
16/06/2016,4424.22998
17/06/2016,4374.379883
20/06/2016,4400.160156
21/06/2016,4413.399902
22/06/2016,4404.72998
23/06/2016,4467.47998
24/06/2016,4285.700195
27/06/2016,4201.049805
28/06/2016,4290.470215
29/06/2016,4364.740234
30/06/2016,4417.700195
01/07/2016,4437.450195
05/07/2016,4410.75
06/07/2016,4444.700195
07/07/2016,4459.580078
08/07/2016,4528.359863
11/07/2016,4554.709961
12/07/2016,4577.609863
13/07/2016,4565.77002
14/07/2016,4596.490234
15/07/2016,4589.830078
18/07/2016,4619.680176
19/07/2016,4603.279785
20/07/2016,4657.200195
21/07/2016,4647.02002
22/07/2016,4666.069824
25/07/2016,4665.930176
26/07/2016,4672.109863
27/07/2016,4702.879883
28/07/2016,4721.410156
29/07/2016,4730.22998
01/08/2016,4756.040039
02/08/2016,4719.209961
03/08/2016,4734.330078
04/08/2016,4743.810059
05/08/2016,4791.209961
08/08/2016,4784.740234
09/08/2016,4795.75
10/08/2016,4783.390137
11/08/2016,4803.310059
12/08/2016,4807.080078
15/08/2016,4827.120117
16/08/2016,4797.189941
17/08/2016,4805.450195
18/08/2016,4808.680176
19/08/2016,4806.140137
22/08/2016,4808.560059
23/08/2016,4818.47998
24/08/2016,4783.490234
25/08/2016,4775.430176
26/08/2016,4783.689941
29/08/2016,4791.089844
30/08/2016,4775.990234
31/08/2016,4771.049805
01/09/2016,4783.939941
02/09/2016,4798.740234
06/09/2016,4829.509766
07/09/2016,4831.859863
08/09/2016,4804
09/09/2016,4681.540039
12/09/2016,4764.649902
13/09/2016,4722.850098
14/09/2016,4746.060059
15/09/2016,4819.899902
16/09/2016,4818.049805
19/09/2016,4796.069824
20/09/2016,4805.220215
21/09/2016,4853.75
22/09/2016,4891.359863
23/09/2016,4858.910156
26/09/2016,4817.169922
27/09/2016,4866.709961
28/09/2016,4875.27002
29/09/2016,4838.299805
30/09/2016,4875.700195
03/10/2016,4866.629883
04/10/2016,4859.470215
05/10/2016,4877.75
06/10/2016,4873.919922
07/10/2016,4864.52002
10/10/2016,4893.77002
11/10/2016,4821.910156
12/10/2016,4819.640137
13/10/2016,4803.100098
14/10/2016,4808.47998
17/10/2016,4796.169922
18/10/2016,4839.720215
19/10/2016,4836.609863
20/10/2016,4832.709961
21/10/2016,4851.859863
24/10/2016,4909.970215
25/10/2016,4891.450195
26/10/2016,4860.589844
27/10/2016,4836.450195
28/10/2016,4805.589844
31/10/2016,4801.27002
01/11/2016,4766.939941
02/11/2016,4726.910156
03/11/2016,4679.100098
04/11/2016,4660.459961
07/11/2016,4773.72998
08/11/2016,4804.919922
09/11/2016,4825.180176
10/11/2016,4747.029785
11/11/2016,4751.950195
14/11/2016,4702.040039
15/11/2016,4764.470215
16/11/2016,4792.27002
17/11/2016,4826.589844
18/11/2016,4808.040039
21/11/2016,4859
22/11/2016,4873.839844
23/11/2016,4853.859863
25/11/2016,4870.02002
28/11/2016,4857.02002
29/11/2016,4873.209961
30/11/2016,4810.810059
01/12/2016,4734.100098
02/12/2016,4739.370117
05/12/2016,4778.140137
06/12/2016,4788.669922
07/12/2016,4851.939941
08/12/2016,4859.189941
09/12/2016,4895.899902
12/12/2016,4874.299805
13/12/2016,4935.839844
14/12/2016,4921.220215
15/12/2016,4933.410156
16/12/2016,4914.859863
19/12/2016,4934.850098
20/12/2016,4953.799805
21/12/2016,4948.910156
22/12/2016,4934.390137
23/12/2016,4940.02002
27/12/2016,4965.810059
28/12/2016,4926.290039
29/12/2016,4918.279785
30/12/2016,4863.620117
03/01/2017,4911.330078
04/01/2017,4937.209961
05/01/2017,4964.950195
06/01/2017,5007.080078
09/01/2017,5024.899902
10/01/2017,5035.169922
11/01/2017,5050.209961
12/01/2017,5041.430176
13/01/2017,5059.509766
17/01/2017,5044.649902
18/01/2017,5055.850098
19/01/2017,5051.169922
20/01/2017,5063.200195
23/01/2017,5065.700195
24/01/2017,5101.060059
25/01/2017,5151.470215
26/01/2017,5156.919922
27/01/2017,5168.060059
30/01/2017,5129.330078
31/01/2017,5116.77002
01/02/2017,5152.689941
02/02/2017,5147.700195
03/02/2017,5161.600098
06/02/2017,5167.959961
07/02/2017,5185.879883
08/02/2017,5196.580078
09/02/2017,5212.160156
10/02/2017,5226.689941
13/02/2017,5256.819824
14/02/2017,5271.069824
15/02/2017,5302.390137
16/02/2017,5300.640137
17/02/2017,5324.720215
21/02/2017,5350.72998
22/02/2017,5352.129883
23/02/2017,5332.370117
24/02/2017,5343.310059
27/02/2017,5347.549805
28/02/2017,5330.310059
01/03/2017,5390.990234
02/03/2017,5363.259766
03/03/2017,5373.47998
06/03/2017,5360.310059
07/03/2017,5351.279785
08/03/2017,5359.810059
09/03/2017,5363.97998
10/03/2017,5385.899902
13/03/2017,5394.569824
14/03/2017,5382.169922
15/03/2017,5416.25
16/03/2017,5412.080078
17/03/2017,5408.759766
20/03/2017,5413.310059
21/03/2017,5332.529785
22/03/2017,5367.549805
23/03/2017,5355.140137
24/03/2017,5364
27/03/2017,5374.27002
28/03/2017,5407.209961
29/03/2017,5430.27002
30/03/2017,5439.740234
31/03/2017,5436.22998
03/04/2017,5432.200195
04/04/2017,5440.410156
05/04/2017,5418.52002
06/04/2017,5420.879883
07/04/2017,5418.370117
10/04/2017,5421.680176
11/04/2017,5398.399902
12/04/2017,5377.029785
13/04/2017,5353.589844
17/04/2017,5399.200195
18/04/2017,5391.660156
19/04/2017,5399.640137
20/04/2017,5443.529785
21/04/2017,5442.049805
24/04/2017,5508.029785
25/04/2017,5548.189941
26/04/2017,5541.089844
27/04/2017,5571.279785
28/04/2017,5583.529785
01/05/2017,5629.629883
02/05/2017,5644.069824
03/05/2017,5625.160156
04/05/2017,5626.319824
05/05/2017,5646.089844
08/05/2017,5659.069824
09/05/2017,5678.310059
10/05/2017,5681.680176
11/05/2017,5674.220215
12/05/2017,5686.810059
15/05/2017,5704.47998
16/05/2017,5724.439941
17/05/2017,5580.549805
18/05/2017,5626.310059
19/05/2017,5651.560059
22/05/2017,5699.399902
23/05/2017,5703.350098
24/05/2017,5730.299805
25/05/2017,5778.370117
26/05/2017,5788.359863
30/05/2017,5794.629883
31/05/2017,5788.799805
01/06/2017,5816.509766
02/06/2017,5881.459961
05/06/2017,5878.120117
06/06/2017,5856.77002
07/06/2017,5877.589844
08/06/2017,5885.299805
09/06/2017,5741.939941
12/06/2017,5708.180176
13/06/2017,5751.819824
14/06/2017,5727.069824
15/06/2017,5700.890137
16/06/2017,5681.47998
19/06/2017,5772.220215
20/06/2017,5726.310059
21/06/2017,5782.390137
22/06/2017,5779.870117
23/06/2017,5803.109863
26/06/2017,5777.589844
27/06/2017,5671.600098
28/06/2017,5753.029785
29/06/2017,5653.02002
30/06/2017,5646.919922
03/07/2017,5596.959961
05/07/2017,5648.819824
06/07/2017,5597.899902
07/07/2017,5656.470215
10/07/2017,5694.149902
11/07/2017,5709.799805
12/07/2017,5778.950195
13/07/2017,5793.359863
14/07/2017,5838.080078
17/07/2017,5839.740234
18/07/2017,5880.100098
19/07/2017,5916.160156
20/07/2017,5921.220215
21/07/2017,5921.529785
24/07/2017,5941.370117
25/07/2017,5930.649902
26/07/2017,5950.72998
27/07/2017,5917.029785
28/07/2017,5908.919922
31/07/2017,5880.330078
01/08/2017,5895.169922
02/08/2017,5914.22998
03/08/2017,5891.200195
04/08/2017,5899.910156
07/08/2017,5934.72998
08/08/2017,5926.350098
09/08/2017,5919.390137
10/08/2017,5788.189941
11/08/2017,5831.529785
14/08/2017,5908.169922
15/08/2017,5907.72998
16/08/2017,5917.419922
17/08/2017,5796.319824
18/08/2017,5790.910156
21/08/2017,5786.540039
22/08/2017,5873.330078
23/08/2017,5851.779785
24/08/2017,5834.439941
25/08/2017,5822.529785
28/08/2017,5838.080078
29/08/2017,5862.140137
30/08/2017,5932.899902
31/08/2017,5988.600098
01/09/2017,5987.899902
05/09/2017,5932.72998
06/09/2017,5951.129883
07/09/2017,5964.310059
08/09/2017,5913.370117
11/09/2017,5980.529785
12/09/2017,5995.640137
13/09/2017,6004.379883
14/09/2017,5968.819824
15/09/2017,5988
18/09/2017,5981.120117
19/09/2017,5991.080078
20/09/2017,5973.609863
21/09/2017,5934.910156
22/09/2017,5932.319824
25/09/2017,5867.350098
26/09/2017,5881.339844
27/09/2017,5937.790039
28/09/2017,5933.069824
29/09/2017,5979.299805
02/10/2017,5981.919922
03/10/2017,5995.060059
04/10/2017,5998.839844
05/10/2017,6057.140137
06/10/2017,6064.569824
09/10/2017,6058.529785
10/10/2017,6063.52002
11/10/2017,6081.25
12/10/2017,6069.990234
13/10/2017,6092.450195
16/10/2017,6114.529785
17/10/2017,6122.609863
18/10/2017,6114.350098
19/10/2017,6092.620117
20/10/2017,6108.819824
23/10/2017,6067.830078
24/10/2017,6080.220215
25/10/2017,6055.040039
26/10/2017,6037.870117
27/10/2017,6213.470215
30/10/2017,6227.589844
31/10/2017,6248.560059
01/11/2017,6248.649902
02/11/2017,6236.390137
03/11/2017,6295.580078
06/11/2017,6313.609863
07/11/2017,6320.779785
08/11/2017,6345.810059
09/11/2017,6312.209961
10/11/2017,6309.069824
13/11/2017,6316.180176
14/11/2017,6293.640137
15/11/2017,6258.359863
16/11/2017,6339.140137
17/11/2017,6314.509766
20/11/2017,6308.609863
21/11/2017,6378.629883
22/11/2017,6386.120117
24/11/2017,6409.290039
27/11/2017,6405.970215
28/11/2017,6422.560059
29/11/2017,6311.379883
30/11/2017,6365.560059
01/12/2017,6337.870117
04/12/2017,6263.700195
05/12/2017,6265.109863
06/12/2017,6293.049805
07/12/2017,6316.279785
08/12/2017,6344.569824
11/12/2017,6393.890137
12/12/2017,6383.649902
13/12/2017,6394.669922
14/12/2017,6389.910156
15/12/2017,6466.319824
18/12/2017,6513.27002
19/12/2017,6480.669922
20/12/2017,6472.47998
21/12/2017,6472.689941
22/12/2017,6465.169922
26/12/2017,6433.160156
27/12/2017,6435.149902
28/12/2017,6441.419922
29/12/2017,6396.419922
02/01/2018,6511.339844
03/01/2018,6575.799805
04/01/2018,6584.580078
05/01/2018,6653.290039
08/01/2018,6676.629883
09/01/2018,6677.939941
10/01/2018,6662.660156
11/01/2018,6708.490234
12/01/2018,6758.540039
16/01/2018,6737.140137
17/01/2018,6810.279785
18/01/2018,6811.379883
19/01/2018,6834.330078
22/01/2018,6906.279785
23/01/2018,6963.459961
24/01/2018,6919.350098
25/01/2018,6916.299805
26/01/2018,7022.970215
29/01/2018,6988.319824
30/01/2018,6930.72998
31/01/2018,6949.990234
01/02/2018,6901.5
02/02/2018,6760.290039
05/02/2018,6495.919922
06/02/2018,6665.97998
07/02/2018,6582.02002
08/02/2018,6306.100098
09/02/2018,6412.680176
12/02/2018,6523.850098
13/02/2018,6553.859863
14/02/2018,6675.029785
15/02/2018,6794.919922
16/02/2018,6770.660156
20/02/2018,6779.689941
21/02/2018,6759.259766
22/02/2018,6761.850098
23/02/2018,6896.600098
26/02/2018,6989.100098
27/02/2018,6900.350098
28/02/2018,6854.419922
01/03/2018,6750.540039
02/03/2018,6811.040039
05/03/2018,6881.279785
06/03/2018,6913.02002
07/03/2018,6929.390137
08/03/2018,6966.430176
09/03/2018,7101.180176
12/03/2018,7131.120117
13/03/2018,7046.509766
14/03/2018,7040.97998
15/03/2018,7030.970215
16/03/2018,7019.950195
19/03/2018,6864.879883
20/03/2018,6885.919922
21/03/2018,6853.450195
22/03/2018,6682.259766
23/03/2018,6508.089844
26/03/2018,6753.830078
27/03/2018,6529.839844
28/03/2018,6460.810059
29/03/2018,6581.129883
02/04/2018,6390.839844
03/04/2018,6458.830078
04/04/2018,6560.060059
05/04/2018,6594.839844
06/04/2018,6433.209961
09/04/2018,6472.339844
10/04/2018,6615.870117
11/04/2018,6583.439941
12/04/2018,6656.259766
13/04/2018,6628.339844
16/04/2018,6675.180176
17/04/2018,6816.370117
18/04/2018,6833.209961
19/04/2018,6774.890137
20/04/2018,6667.75
23/04/2018,6648.799805
24/04/2018,6509.049805
25/04/2018,6513.939941
26/04/2018,6649.649902
27/04/2018,6656.350098
30/04/2018,6605.569824
01/05/2018,6681.959961
02/05/2018,6644.47998
03/05/2018,6643.47998
04/05/2018,6769.120117
07/05/2018,6821.870117
08/05/2018,6815.47998
09/05/2018,6893.209961
10/05/2018,6963.549805
11/05/2018,6952.560059
14/05/2018,6964.370117
15/05/2018,6888.540039
16/05/2018,6929.970215
17/05/2018,6901.629883
18/05/2018,6866.25
21/05/2018,6905.529785
22/05/2018,6893.620117
23/05/2018,6953.629883
24/05/2018,6949.700195
25/05/2018,6960.919922
29/05/2018,6926.540039
30/05/2018,6976.370117
31/05/2018,6967.72998
01/06/2018,7083.930176
04/06/2018,7143.569824
05/06/2018,7166.75
06/06/2018,7210.080078
07/06/2018,7152.830078
08/06/2018,7152.620117
11/06/2018,7168.47998
12/06/2018,7209.180176
13/06/2018,7205.259766
14/06/2018,7279.589844
15/06/2018,7255.759766
18/06/2018,7251.410156
19/06/2018,7228.040039
20/06/2018,7280.700195
21/06/2018,7217.490234
22/06/2018,7197.509766
25/06/2018,7038.169922
26/06/2018,7068.200195
27/06/2018,6969.669922
28/06/2018,7031.600098
29/06/2018,7040.799805
02/07/2018,7097.819824
03/07/2018,7014.549805
05/07/2018,7101.049805
06/07/2018,7207.330078
09/07/2018,7276
10/07/2018,7282.600098
11/07/2018,7243.97998
12/07/2018,7366.25
13/07/2018,7375.819824
16/07/2018,7357.899902
17/07/2018,7403.890137
18/07/2018,7390.129883
19/07/2018,7352.359863
20/07/2018,7350.22998
23/07/2018,7371.779785
24/07/2018,7406.25
25/07/2018,7508.589844
26/07/2018,7400.75
27/07/2018,7296.779785
30/07/2018,7193.100098
31/07/2018,7231.97998
01/08/2018,7272.890137
02/08/2018,7372.149902
03/08/2018,7395.490234
06/08/2018,7438.990234
07/08/2018,7462.649902
08/08/2018,7469.549805
09/08/2018,7466.959961
10/08/2018,7408.299805
13/08/2018,7401.169922
14/08/2018,7447.169922
15/08/2018,7354.660156
16/08/2018,7374.290039
17/08/2018,7377.540039
20/08/2018,7371.419922
21/08/2018,7397.22998
22/08/2018,7424.600098
23/08/2018,7413.839844
24/08/2018,7485.399902
27/08/2018,7559.129883
28/08/2018,7570.25
29/08/2018,7660.180176
30/08/2018,7642.669922
31/08/2018,7654.549805
04/09/2018,7622.319824
05/09/2018,7523.259766
06/09/2018,7453.169922
07/09/2018,7430.259766
10/09/2018,7447.680176
11/09/2018,7507.870117
12/09/2018,7488.060059
13/09/2018,7561.689941
14/09/2018,7545.5
17/09/2018,7434.72998
18/09/2018,7494.399902
19/09/2018,7490.319824
20/09/2018,7569.029785
21/09/2018,7531.069824
24/09/2018,7548.75
25/09/2018,7563.189941
26/09/2018,7563.089844
27/09/2018,7629.569824
28/09/2018,7627.649902
01/10/2018,7645.450195
02/10/2018,7628.279785
03/10/2018,7637.430176
04/10/2018,7490
05/10/2018,7399.009766
08/10/2018,7352.819824
09/10/2018,7371.620117
10/10/2018,7044.5
11/10/2018,6964.029785
12/10/2018,7157.209961
15/10/2018,7068.669922
16/10/2018,7276.430176
17/10/2018,7278.629883
18/10/2018,7116.089844
19/10/2018,7107.22998
22/10/2018,7141.209961
23/10/2018,7118.669922
24/10/2018,6789.149902
25/10/2018,7016.390137
26/10/2018,6852.399902
29/10/2018,6713.899902
30/10/2018,6810.120117
31/10/2018,6967.100098
01/11/2018,7069.169922
02/11/2018,6965.290039
05/11/2018,6937.089844
06/11/2018,6988.850098
07/11/2018,7203.129883
08/11/2018,7158.589844
09/11/2018,7039.149902
12/11/2018,6829.100098
13/11/2018,6830.910156
14/11/2018,6769.870117
15/11/2018,6890.450195
16/11/2018,6867.02002
19/11/2018,6642.919922
20/11/2018,6526.959961
21/11/2018,6575.660156
23/11/2018,6527.350098
26/11/2018,6678.339844
27/11/2018,6701.040039
28/11/2018,6913.330078
29/11/2018,6892.399902
30/11/2018,6949.009766
03/12/2018,7062.129883
04/12/2018,6795.209961
06/12/2018,6838.850098
07/12/2018,6613.279785
10/12/2018,6682.740234
11/12/2018,6704.240234
12/12/2018,6763.959961
13/12/2018,6767.970215
14/12/2018,6594.959961
17/12/2018,6448.390137
18/12/2018,6491.52002
19/12/2018,6342.970215
20/12/2018,6243.189941
21/12/2018,6046.560059
24/12/2018,5899.350098
26/12/2018,6262.77002
27/12/2018,6288.299805
28/12/2018,6285.27002
31/12/2018,6329.970215
02/01/2019,6360.870117
03/01/2019,6147.129883
04/01/2019,6422.669922
07/01/2019,6488.25
08/01/2019,6551.850098
09/01/2019,6600.689941
10/01/2019,6620.939941
11/01/2019,6601.399902
14/01/2019,6541.040039
15/01/2019,6669.640137
16/01/2019,6668.560059
17/01/2019,6718.450195
18/01/2019,6784.609863
22/01/2019,6646.810059
23/01/2019,6658.759766
24/01/2019,6702.549805
25/01/2019,6787.370117
28/01/2019,6697.089844
29/01/2019,6632.790039
30/01/2019,6807.910156
31/01/2019,6906.839844
01/02/2019,6875.52002
04/02/2019,6959.959961
05/02/2019,7023.52002
06/02/2019,6997.620117
07/02/2019,6904.97998
08/02/2019,6913.129883
11/02/2019,6909.180176
12/02/2019,7014.669922
13/02/2019,7015.879883
14/02/2019,7022.419922
15/02/2019,7055.180176
19/02/2019,7066.609863
20/02/2019,7062.339844
21/02/2019,7035.160156
22/02/2019,7090.629883
25/02/2019,7115.430176
26/02/2019,7123.220215
27/02/2019,7117
28/02/2019,7097.529785
01/03/2019,7151.569824
04/03/2019,7150.830078
05/03/2019,7156.790039
06/03/2019,7112.470215
07/03/2019,7026.879883
08/03/2019,7015.689941
11/03/2019,7164.02002
12/03/2019,7201.279785
13/03/2019,7256.97998
14/03/2019,7243.009766
15/03/2019,7306.990234
18/03/2019,7326.279785
19/03/2019,7349.279785
20/03/2019,7380.75
21/03/2019,7493.27002
22/03/2019,7326.060059
25/03/2019,7316.959961
26/03/2019,7351.149902
27/03/2019,7308.189941
28/03/2019,7320.470215
29/03/2019,7378.77002
01/04/2019,7478.419922
02/04/2019,7499.640137
03/04/2019,7544.970215
04/04/2019,7540.569824
05/04/2019,7578.839844
08/04/2019,7599.740234
09/04/2019,7568.490234
10/04/2019,7611.490234
11/04/2019,7594.890137
12/04/2019,7628.149902
15/04/2019,7629.120117
16/04/2019,7654.72998
17/04/2019,7680.720215
18/04/2019,7689.720215
22/04/2019,7713.490234
23/04/2019,7810.709961
24/04/2019,7784.410156
25/04/2019,7816.919922
26/04/2019,7826.680176
29/04/2019,7839.040039
30/04/2019,7781.459961
01/05/2019,7751.850098
02/05/2019,7724.060059
03/05/2019,7845.72998
06/05/2019,7794.089844
07/05/2019,7640.149902
08/05/2019,7617.549805
09/05/2019,7582.75
10/05/2019,7586.529785
13/05/2019,7324.129883
14/05/2019,7401.879883
15/05/2019,7503.25
16/05/2019,7580.140137
17/05/2019,7503.680176
20/05/2019,7376.700195
21/05/2019,7451.02002
22/05/2019,7420.660156
23/05/2019,7307.930176
24/05/2019,7300.959961
28/05/2019,7278.379883
29/05/2019,7216.859863
30/05/2019,7245.399902
31/05/2019,7127.959961
03/06/2019,6978.02002
04/06/2019,7166.75
05/06/2019,7220.899902
06/06/2019,7275.930176
07/06/2019,7417.290039
10/06/2019,7501.930176
11/06/2019,7513.850098
12/06/2019,7472.290039
13/06/2019,7510.680176
14/06/2019,7479.109863
17/06/2019,7526.52002
18/06/2019,7635.399902
19/06/2019,7667.740234
20/06/2019,7738.049805
21/06/2019,7728.779785
24/06/2019,7723.02002
25/06/2019,7591.540039
26/06/2019,7627.049805
27/06/2019,7657.049805
28/06/2019,7671.080078
01/07/2019,7768.140137
02/07/2019,7799.819824
03/07/2019,7857.689941
05/07/2019,7841.299805
08/07/2019,7785.790039
09/07/2019,7826.859863
10/07/2019,7903.399902
11/07/2019,7896.779785
12/07/2019,7943.240234
15/07/2019,7966.930176
16/07/2019,7927.080078
17/07/2019,7888.759766
18/07/2019,7904.129883
19/07/2019,7834.899902
22/07/2019,7905.120117
23/07/2019,7954.560059
24/07/2019,8010.609863
25/07/2019,7929.870117
26/07/2019,8016.950195
29/07/2019,7989.080078
30/07/2019,7952.470215
31/07/2019,7848.779785
01/08/2019,7801.149902
02/08/2019,7692.799805
05/08/2019,7415.689941
06/08/2019,7521.319824
07/08/2019,7551.899902
08/08/2019,7724.830078
09/08/2019,7646.27002
12/08/2019,7561.680176
13/08/2019,7728.149902
14/08/2019,7490.129883
15/08/2019,7484.890137
16/08/2019,7604.109863
19/08/2019,7719.319824
20/08/2019,7664.470215
21/08/2019,7733.220215
22/08/2019,7707.430176
23/08/2019,7464.990234
26/08/2019,7575.02002
27/08/2019,7566.029785
28/08/2019,7587.899902
29/08/2019,7702.310059
30/08/2019,7691
03/09/2019,7609.509766
04/09/2019,7719.25
05/09/2019,7862.540039
06/09/2019,7852.540039
09/09/2019,7832.399902
10/09/2019,7814.740234
11/09/2019,7887.580078
12/09/2019,7917.339844
13/09/2019,7892.950195
16/09/2019,7852.410156
17/09/2019,7888.790039
18/09/2019,7888.560059
19/09/2019,7901.790039
20/09/2019,7823.549805
23/09/2019,7818.609863
24/09/2019,7710.040039
25/09/2019,7803.540039
26/09/2019,7771.990234
27/09/2019,7681.580078
30/09/2019,7749.450195
01/10/2019,7684.140137
02/10/2019,7550.790039
03/10/2019,7638.390137
04/10/2019,7754.100098
07/10/2019,7725.129883
08/10/2019,7604.27002
09/10/2019,7690.529785
10/10/2019,7740.359863
11/10/2019,7843.879883
14/10/2019,7842.330078
15/10/2019,7942.850098
16/10/2019,7920.209961
17/10/2019,7942.140137
18/10/2019,7868.490234
21/10/2019,7940.330078
22/10/2019,7874.620117
23/10/2019,7889.470215
24/10/2019,7966.720215
25/10/2019,8029.220215
28/10/2019,8110.669922
29/10/2019,8047.509766
30/10/2019,8083.109863
31/10/2019,8083.830078
01/11/2019,8161.169922
04/11/2019,8210.660156
05/11/2019,8210.179688
06/11/2019,8196.030273
07/11/2019,8219.650391
08/11/2019,8255.889648
11/11/2019,8241.910156
12/11/2019,8263.790039
13/11/2019,8259.80957
14/11/2019,8257.830078
15/11/2019,8315.519531
18/11/2019,8328.480469
19/11/2019,8338.740234
20/11/2019,8283.75
21/11/2019,8265.620117
22/11/2019,8272.049805
25/11/2019,8371.929688
26/11/2019,8385.75
27/11/2019,8444.709961
29/11/2019,8403.679688
02/12/2019,8309.259766
03/12/2019,8254.740234
04/12/2019,8296.530273
05/12/2019,8308.400391
06/12/2019,8397.370117
09/12/2019,8362.740234
10/12/2019,8354.290039
11/12/2019,8402.610352
12/12/2019,8466.889648
13/12/2019,8487.709961
16/12/2019,8570.330078
17/12/2019,8575.700195
18/12/2019,8580.620117
19/12/2019,8641.290039
20/12/2019,8678.490234
23/12/2019,8696.009766
24/12/2019,8699.509766
26/12/2019,8778.30957
27/12/2019,8770.980469
30/12/2019,8709.730469
31/12/2019,8733.070313
02/01/2020,8872.219727
03/01/2020,8793.900391
06/01/2020,8848.519531
07/01/2020,8846.450195
08/01/2020,8912.370117
09/01/2020,8989.629883
10/01/2020,8966.639648
13/01/2020,9070.650391
14/01/2020,9033.419922
15/01/2020,9035.669922
16/01/2020,9125
17/01/2020,9173.730469
21/01/2020,9166.629883
22/01/2020,9188.580078
23/01/2020,9216.980469
24/01/2020,9141.469727
27/01/2020,8952.179688
28/01/2020,9090.929688
29/01/2020,9101.610352
30/01/2020,9136.089844
31/01/2020,8991.509766
03/02/2020,9126.230469
04/02/2020,9334.05957
05/02/2020,9367.480469
06/02/2020,9445.919922
07/02/2020,9401.099609
10/02/2020,9516.839844
11/02/2020,9517.860352
12/02/2020,9613.200195
13/02/2020,9595.700195
14/02/2020,9623.580078
18/02/2020,9629.799805
19/02/2020,9718.730469
20/02/2020,9627.830078
21/02/2020,9446.69043
24/02/2020,9079.629883
25/02/2020,8834.870117
26/02/2020,8873.759766
27/02/2020,8436.669922
28/02/2020,8461.830078
02/03/2020,8877.980469
03/03/2020,8594.490234
04/03/2020,8949.280273
05/03/2020,8671.660156
06/03/2020,8530.339844
09/03/2020,7948.029785
10/03/2020,8372.269531
11/03/2020,8006.120117
12/03/2020,7263.649902
13/03/2020,7995.259766
16/03/2020,7020.379883
17/03/2020,7473.950195
18/03/2020,7175.180176
19/03/2020,7288.52002
20/03/2020,6994.290039
23/03/2020,7006.919922
24/03/2020,7553.830078
25/03/2020,7469.620117
26/03/2020,7897.129883
27/03/2020,7588.370117
30/03/2020,7889.009766
31/03/2020,7813.5
01/04/2020,7486.290039
02/04/2020,7635.660156
03/04/2020,7528.109863
06/04/2020,8081.660156
07/04/2020,8049.310059
08/04/2020,8229.540039
09/04/2020,8238.530273
13/04/2020,8332.740234
14/04/2020,8692.160156
15/04/2020,8591.959961
16/04/2020,8757.830078
17/04/2020,8832.410156
20/04/2020,8726.509766
21/04/2020,8403
22/04/2020,8664.639648
23/04/2020,8641.5
24/04/2020,8786.599609
27/04/2020,8837.660156
28/04/2020,8677.599609
29/04/2020,8982.759766
30/04/2020,9000.509766
01/05/2020,8718.179688
04/05/2020,8834.110352
05/05/2020,8930.620117
06/05/2020,8984.860352
07/05/2020,9101.879883
08/05/2020,9220.349609
11/05/2020,9298.919922
12/05/2020,9112.450195
13/05/2020,9000.080078
14/05/2020,9094.419922
15/05/2020,9152.639648
18/05/2020,9331.929688
19/05/2020,9298.540039
20/05/2020,9485.019531
21/05/2020,9377.990234
22/05/2020,9413.990234
26/05/2020,9389.980469
27/05/2020,9442.049805
28/05/2020,9416.709961
29/05/2020,9555.530273
01/06/2020,9598.889648
02/06/2020,9657.30957
03/06/2020,9704.69043
04/06/2020,9629.660156
05/06/2020,9824.389648
08/06/2020,9901.519531
09/06/2020,9967.169922
10/06/2020,10094.25977
11/06/2020,9588.480469
12/06/2020,9663.780273
15/06/2020,9776.889648
16/06/2020,9949.370117
17/06/2020,9982.480469
18/06/2020,10012.04981
19/06/2020,10008.63965
22/06/2020,10130.33008
23/06/2020,10209.82031
24/06/2020,10002.7002
25/06/2020,10101.83008
26/06/2020,9849.360352
29/06/2020,9961.160156
30/06/2020,10156.84961
01/07/2020,10279.25
02/07/2020,10341.88965
06/07/2020,10604.05957
07/07/2020,10524.00977
08/07/2020,10666.7002
09/07/2020,10754.58984
10/07/2020,10836.33008
13/07/2020,10602.20996
14/07/2020,10689.51953
15/07/2020,10701.67969
16/07/2020,10626.45996
17/07/2020,10645.21973
20/07/2020,10952.08008
21/07/2020,10833.07031
22/07/2020,10870.75
23/07/2020,10580.58984
24/07/2020,10483.12988
27/07/2020,10674.37988
28/07/2020,10532.5
29/07/2020,10662.98047
30/07/2020,10715.50977
31/07/2020,10905.87988
03/08/2020,11055.08008
04/08/2020,11096.54004
05/08/2020,11125.44043
06/08/2020,11267.08008
07/08/2020,11139.38965
10/08/2020,11085.16992
11/08/2020,10876.08008
12/08/2020,11157.71973
13/08/2020,11178.37012
14/08/2020,11164.4502
17/08/2020,11288.57031
18/08/2020,11399.03027
19/08/2020,11318.63965
20/08/2020,11477.04981
21/08/2020,11555.16016
24/08/2020,11626.16992
25/08/2020,11721.80957
26/08/2020,11971.94043
27/08/2020,11926.16016
28/08/2020,11995.84961
31/08/2020,12110.7002
01/09/2020,12292.86035
02/09/2020,12420.54004
03/09/2020,11771.37012
04/09/2020,11622.12988
08/09/2020,11068.25977
09/09/2020,11395.84961
10/09/2020,11154.12012
11/09/2020,11087.40039
14/09/2020,11277.75977
15/09/2020,11438.87012
16/09/2020,11247.59961
17/09/2020,11080.9502
18/09/2020,10936.98047
21/09/2020,10980.21973
22/09/2020,11186.37012
23/09/2020,10833.33008
24/09/2020,10896.46973
25/09/2020,11151.12988
28/09/2020,11364.4502
29/09/2020,11322.9502
30/09/2020,11418.05957
01/10/2020,11583.2002
02/10/2020,11255.69043
05/10/2020,11509.05957
06/10/2020,11291.26953
07/10/2020,11503.19043
08/10/2020,11550.94043
09/10/2020,11725.84961
12/10/2020,12088.11035
13/10/2020,12083.16992
14/10/2020,11985.36035
15/10/2020,11898.57031
16/10/2020,11852.16992
19/10/2020,11634.34961
20/10/2020,11677.83984
21/10/2020,11665.37012
22/10/2020,11662.91016
23/10/2020,11692.57031
26/10/2020,11504.51953
27/10/2020,11598.9502
28/10/2020,11142.75977
29/10/2020,11350.74023
30/10/2020,11052.9502
02/11/2020,11084.75977
03/11/2020,11279.91016
04/11/2020,11777.01953
05/11/2020,12078.07031
06/11/2020,12091.34961
09/11/2020,11830.38965
10/11/2020,11624.29004
11/11/2020,11892.92969
12/11/2020,11827.13965
13/11/2020,11937.83984
16/11/2020,12013.37988
17/11/2020,11977.49023
18/11/2020,11894.70996
19/11/2020,11985.42969
20/11/2020,11906.44043
23/11/2020,11905.94043
24/11/2020,12079.80957
25/11/2020,12152.21973
27/11/2020,12258.20996
30/11/2020,12268.32031
01/12/2020,12455.33008
02/12/2020,12456.41016
03/12/2020,12467.12988
04/12/2020,12528.48047
07/12/2020,12596.46973
08/12/2020,12635.71973
09/12/2020,12364.63965
10/12/2020,12401.74023
11/12/2020,12375.41016
14/12/2020,12462.20996
15/12/2020,12595.91992
16/12/2020,12668.16016
17/12/2020,12752.05957
18/12/2020,12738.17969
21/12/2020,12690.25977
22/12/2020,12717.55957
23/12/2020,12653.13965
24/12/2020,12711.00977
28/12/2020,12838.86035
29/12/2020,12843.49023
30/12/2020,12845.36035
31/12/2020,12888.28027
04/01/2021,12694.66016
05/01/2021,12802.37988
06/01/2021,12623.34961
07/01/2021,12939.57031
08/01/2021,13105.2002
11/01/2021,12902.49023
12/01/2021,12892.08984
13/01/2021,12973.62988
14/01/2021,12898.69043
15/01/2021,12803.92969
19/01/2021,12996.54004
20/01/2021,13296.4502
21/01/2021,13404.99023
22/01/2021,13366.40039
25/01/2021,13483.29004
26/01/2021,13490.19043
27/01/2021,13112.65039
28/01/2021,13201.53027
29/01/2021,12925.37988
01/02/2021,13248.90039
02/02/2021,13456.12012
03/02/2021,13402.37012
04/02/2021,13560.88965
05/02/2021,13603.95996
08/02/2021,13695.01953
09/02/2021,13687.08008
10/02/2021,13655.26953
11/02/2021,13734.34961
12/02/2021,13807.7002
16/02/2021,13773.76953
17/02/2021,13699.70996
18/02/2021,13637.50977
19/02/2021,13580.78027
22/02/2021,13223.74023
23/02/2021,13194.70996
24/02/2021,13302.19043
25/02/2021,12828.30957
26/02/2021,12909.44043
01/03/2021,13282.9502
02/03/2021,13059.9502
03/03/2021,12683.33008
04/03/2021,12464
05/03/2021,12668.50977
08/03/2021,12299.08008
09/03/2021,12794.49023
10/03/2021,12752.07031
11/03/2021,13052.90039
12/03/2021,12937.29004
15/03/2021,13082.54004
16/03/2021,13152.28027
17/03/2021,13202.37988
18/03/2021,12789.13965
19/03/2021,12866.99023
22/03/2021,13086.50977
23/03/2021,13017.79004
24/03/2021,12798.87988
25/03/2021,12780.50977
26/03/2021,12979.12012
29/03/2021,12965.74023
30/03/2021,12896.53027
31/03/2021,13091.44043
01/04/2021,13329.51953
05/04/2021,13598.16016
06/04/2021,13578.45996
07/04/2021,13616.7002
08/04/2021,13758.50977
09/04/2021,13845.05957
12/04/2021,13819.34961
13/04/2021,13986.49023
14/04/2021,13803.91016
15/04/2021,14026.19043
16/04/2021,14041.91016
19/04/2021,13907.66992
20/04/2021,13809.29981
21/04/2021,13935.15039
22/04/2021,13762.36035
23/04/2021,13941.44043
26/04/2021,14026.16016
27/04/2021,13960.28027
28/04/2021,13901.62012
29/04/2021,13970.2002
30/04/2021,13860.75977
03/05/2021,13799.71973
04/05/2021,13544.66992
05/05/2021,13503.37012
06/05/2021,13613.73047
07/05/2021,13719.62988
10/05/2021,13359.08008
11/05/2021,13351.26953
12/05/2021,13001.62988
13/05/2021,13109.15039
14/05/2021,13393.12012
17/05/2021,13312.91016
18/05/2021,13217.67969
19/05/2021,13237.91016
20/05/2021,13494.08984
21/05/2021,13411.74023
24/05/2021,13641.75
25/05/2021,13657.73047
26/05/2021,13702.74023
27/05/2021,13657.84961
28/05/2021,13686.50977
01/06/2021,13654.58984
02/06/2021,13675.79004
03/06/2021,13529.67969
04/06/2021,13770.76953
07/06/2021,13802.88965
08/06/2021,13810.86035
09/06/2021,13814.94043
10/06/2021,13960.34961
11/06/2021,13998.29981
14/06/2021,14128.2002
15/06/2021,14030.41016
16/06/2021,13983.00977
17/06/2021,14163.80957
18/06/2021,14049.58008
21/06/2021,14137.23047
22/06/2021,14270.41992
23/06/2021,14274.24023
24/06/2021,14365.95996
25/06/2021,14345.17969
28/06/2021,14524.98047
29/06/2021,14572.75
30/06/2021,14554.79981
01/07/2021,14560.04981
02/07/2021,14727.62988
06/07/2021,14786.36035
07/07/2021,14810.54004
08/07/2021,14722.13965
09/07/2021,14826.08984
12/07/2021,14877.88965
13/07/2021,14874.54004
14/07/2021,14900.44043
15/07/2021,14794.69043
16/07/2021,14681.37988
19/07/2021,14549.08984
20/07/2021,14728.20996
21/07/2021,14842.62988
22/07/2021,14940.16992
23/07/2021,15111.79004
26/07/2021,15125.9502
27/07/2021,14956.96973
28/07/2021,15018.09961
29/07/2021,15048.36035
30/07/2021,14959.90039
02/08/2021,14963.62012
03/08/2021,15061.41992
04/08/2021,15083.38965
05/08/2021,15181.63965
06/08/2021,15109.36035
09/08/2021,15133.11035
10/08/2021,15053.58008
11/08/2021,15027.75977
12/08/2021,15088.98047
13/08/2021,15136.67969
16/08/2021,15140.76953
17/08/2021,15002.83008
18/08/2021,14857.91992
19/08/2021,14933.94043
20/08/2021,15092.57031
23/08/2021,15312.82031
24/08/2021,15357.67969
25/08/2021,15368.91992
26/08/2021,15278.51953
27/08/2021,15432.9502
30/08/2021,15605.08984
31/08/2021,15582.50977
01/09/2021,15611.57031
02/09/2021,15604.25
03/09/2021,15652.86035
07/09/2021,15675.75977
08/09/2021,15620.84961
09/09/2021,15561.04981
10/09/2021,15440.75
13/09/2021,15434.5
14/09/2021,15382.90039
15/09/2021,15503.53027
16/09/2021,15515.91016
17/09/2021,15333.46973
20/09/2021,15012.19043
21/09/2021,15027.76953
22/09/2021,15176.50977
23/09/2021,15316.58008
24/09/2021,15329.67969
27/09/2021,15204.82031
28/09/2021,14770.29981
29/09/2021,14752.88965
30/09/2021,14689.62012
01/10/2021,14791.87012
04/10/2021,14472.12012
05/10/2021,14674.15039
06/10/2021,14766.75
07/10/2021,14897.12988
08/10/2021,14820.75
11/10/2021,14713.73047
12/10/2021,14662.11035
13/10/2021,14774.59961
14/10/2021,15052.41992
15/10/2021,15146.91992
18/10/2021,15300.88965
19/10/2021,15410.71973
20/10/2021,15388.70996
21/10/2021,15489.58984
22/10/2021,15355.07031
25/10/2021,15514.19043
26/10/2021,15559.49023
27/10/2021,15598.38965
28/10/2021,15778.16016
29/10/2021,15850.46973
01/11/2021,15905.28027
02/11/2021,15972.49023
03/11/2021,16144.5
04/11/2021,16346.24023
05/11/2021,16359.37988
08/11/2021,16336.03027
09/11/2021,16219.94043
10/11/2021,15985.57031
11/11/2021,16032.46973
12/11/2021,16199.88965
15/11/2021,16189.12012
16/11/2021,16309.76953
17/11/2021,16308.07031
18/11/2021,16482.9707
19/11/2021,16573.33984
22/11/2021,16380.98047
23/11/2021,16306.71973
24/11/2021,16367.80957
26/11/2021,16025.58008
29/11/2021,16399.24023
30/11/2021,16135.91992
01/12/2021,15877.71973
02/12/2021,15990.75977
03/12/2021,15712.04004
06/12/2021,15846.16016
07/12/2021,16325.66016
08/12/2021,16394.33984
09/12/2021,16149.57031
10/12/2021,16331.98047
13/12/2021,16082.54981
14/12/2021,15914.90039
15/12/2021,16289.58984
16/12/2021,15863.94043
17/12/2021,15801.45996
20/12/2021,15627.63965
21/12/2021,15986.28027
22/12/2021,16180.13965
23/12/2021,16308.20996
27/12/2021,16567.5
28/12/2021,16488.66016
29/12/2021,16491.00977
30/12/2021,16429.09961
31/12/2021,16320.08008
03/01/2022,16501.76953
04/01/2022,16279.73047
05/01/2022,15771.78027
06/01/2022,15765.36035
